{
    "title": "Dancing and rumors at Gatsby's party",
    "start": 1202,
    "end": 1375,
    "text": "At least once a fortnight a corps of caterers came down with several\nhundred feet of canvas and enough coloured lights to make a Christmas\ntree of Gatsby’s enormous garden. ",
    "new_appearances": [
        15,
        10
    ],
    "importance": {
        "3": 0.3333333333333333,
        "16": 1.0,
        "18": 0.3333333333333333,
        "20": 0.3333333333333333,
        "19": 0.3333333333333333,
        "23": 0.3333333333333333,
        "22": 0.3333333333333333,
        "15": 0.3333333333333333,
        "10": 0.3333333333333333
    },
    "relations": []
}