{
    "title": "Narrator reflects on his honesty",
    "start": 9253,
    "end": 9545,
    "text": "persistent undergraduate\ngiven to violent innuendo, and obviously under the impression that\nsooner or later Jordan was going to yield him up her person to a\ngreater or lesser degree. Instead of rambling, this party had\npreserved a dignified homogeneity, and assumed to itself the function\nof ",
    "new_appearances": [],
    "importance": {
        "3": 1.0,
        "16": 0.29411764705882354,
        "18": 0.058823529411764705,
        "20": 0.058823529411764705,
        "19": 0.058823529411764705,
        "23": 0.11764705882352941,
        "22": 0.11764705882352941,
        "15": 0.058823529411764705,
        "10": 0.11764705882352941,
        "1": 0.5294117647058824,
        "21": 0.058823529411764705,
        "2": 0.7058823529411765,
        "5": 0.058823529411764705,
        "4": 0.058823529411764705,
        "6": 0.058823529411764705,
        "7": 0.058823529411764705,
        "8": 0.17647058823529413,
        "9": 0.058823529411764705,
        "25": 0.058823529411764705,
        "24": 0.058823529411764705,
        "12": 0.11764705882352941,
        "11": 0.058823529411764705,
        "13": 0.058823529411764705
    },
    "relations": [
        {
            "explanation": "The girls leaning together confidentially and sharing rumors about Gatsby killing a man suggests a close, gossipy relationship. The phrase \"Somebody told me they thought he killed a man once\" indicates a shared interest in scandalous rumors about Gatsby.",
            "id1": 2.0,
            "relation": [
                "shared rumor",
                "gossip"
            ],
            "id2": 4.0,
            "positivity": -0.2,
            "weight": 0.5
        },
        {
            "explanation": "The girls leaning together confidentially and sharing rumors about Gatsby killing a man suggests a close, gossipy relationship. The phrase \"Somebody told me they thought he killed a man once\" indicates a shared interest in scandalous rumors about Gatsby.",
            "id1": 2.0,
            "relation": [
                "shared rumor",
                "gossip"
            ],
            "id2": 5.0,
            "positivity": -0.2,
            "weight": 0.5
        },
        {
            "id1": 4.0,
            "relation": [
                "shared rumor",
                "gossip"
            ],
            "explanation": "The girls leaning together confidentially and sharing rumors about Gatsby killing a man suggests a close, gossipy relationship. The phrase \"Somebody told me they thought he killed a man once\" indicates a shared interest in scandalous rumors about Gatsby.",
            "id2": 5.0,
            "positivity": -0.2,
            "weight": 0.5
        },
        {
            "id1": 4.0,
            "relation": [
                "interested in gossip"
            ],
            "explanation": "The three Mr. Mumbles bent forward and listened eagerly to the rumors about Gatsby. This indicates they are interested in gossip about Gatsby.",
            "id2": 6.0,
            "positivity": 0.1,
            "weight": 0.3
        },
        {
            "id1": 5.0,
            "relation": [
                "interested in gossip"
            ],
            "explanation": "The three Mr. Mumbles bent forward and listened eagerly to the rumors about Gatsby. This indicates they are interested in gossip about Gatsby.",
            "id2": 6.0,
            "positivity": 0.1,
            "weight": 0.3
        },
        {
            "explanation": "The three Mr. Mumbles bent forward and listened eagerly to the rumors about Gatsby. This indicates they are interested in gossip about Gatsby.",
            "id1": 2.0,
            "relation": [
                "interested in gossip"
            ],
            "id2": 6.0,
            "positivity": 0.1,
            "weight": 0.3
        },
        {
            "explanation": "The girls are spreading rumors about Gatsby, suggesting a negative perception of him. The phrase \"It’s more that he was a German spy during the war\" and \"I'll bet he killed a man\" indicates a negative rumor.",
            "relation": [
                "subject of rumor"
            ],
            "id1": 1.0,
            "id2": 4.0,
            "positivity": -0.6,
            "weight": 0.4
        },
        {
            "relation": [
                "subject of rumor"
            ],
            "id1": 1.0,
            "explanation": "The girls are spreading rumors about Gatsby, suggesting a negative perception of him. The phrase \"It’s more that he was a German spy during the war\" and \"I'll bet he killed a man\" indicates a negative rumor.",
            "id2": 5.0,
            "positivity": -0.6,
            "weight": 0.4
        },
        {
            "id1": 1.0,
            "relation": [
                "subject of rumor"
            ],
            "explanation": "The Mr. Mumbles are listening to rumors about Gatsby, suggesting a negative perception of him. The phrase \"I heard that from a man who knew all about him, grew up with him in Germany,\" he assured us positively indicates a negative rumor.",
            "id2": 6.0,
            "positivity": -0.6,
            "weight": 0.4
        },
        {
            "id1": 2.0,
            "relation": [
                "invitation",
                "friendship"
            ],
            "explanation": "Jordan invited the narrator to join her party. This suggests a friendly relationship.",
            "id2": 3.0,
            "positivity": 0.7,
            "weight": 0.6
        },
        {
            "relation": [
                "unwanted pursuit",
                "harassment"
            ],
            "id1": 2.0,
            "explanation": "The undergraduate is persistent and given to violent innuendo toward Jordan, under the impression that she will eventually yield to him. This indicates a unwanted pursuit.",
            "id2": 7.0,
            "positivity": -0.8,
            "weight": 0.7
        }
    ]
}