{
    "title": "Owl Eyes explains the car accident",
    "start": 7404,
    "end": 7794,
    "text": "od time. When I was here last I tore my gown on a chair, and\nhe asked me my name and address—inside of a week I got a package from\nCroirier’s with a new evening gown in it.”\n\n“Did you keep it?” asked Jordan.\n\n“Sure I did. I was going to wear it tonight, but it was too big in the\nbust and had to be altered. It was gas blue with lavender beads. Two\nhundred and sixty-five dollars.”\n\n“There’",
    "new_appearances": [],
    "importance": {
        "3": 1.0,
        "16": 0.4166666666666667,
        "18": 0.08333333333333333,
        "20": 0.08333333333333333,
        "19": 0.08333333333333333,
        "23": 0.16666666666666666,
        "22": 0.16666666666666666,
        "15": 0.08333333333333333,
        "10": 0.16666666666666666,
        "1": 0.6666666666666666,
        "21": 0.08333333333333333,
        "2": 0.8333333333333334,
        "5": 0.08333333333333333,
        "4": 0.08333333333333333,
        "6": 0.08333333333333333,
        "7": 0.08333333333333333,
        "8": 0.25,
        "9": 0.08333333333333333,
        "25": 0.08333333333333333,
        "24": 0.08333333333333333,
        "12": 0.16666666666666666,
        "11": 0.08333333333333333,
        "13": 0.08333333333333333
    },
    "relations": []
}