{
    "title": "Car accident outside Gatsby's party",
    "start": 6949,
    "end": 7403,
    "text": "twilight, and we sat down at a\ntable with the two girls in yellow and three men, each one introduced\nto us as Mr. Mumble.\n\n“Do you come to these parties often?” inquired Jordan of the girl\nbeside her.\n\n“The last one was the one I met you at,” answered the girl, in an\nalert confident voice. She turned to her companion: “Wasn’t it for\nyou, Lucille?”\n\nIt was for Lucille, too.\n\n“I like to come,” Lucille said. “I never care what I do, so I always\nhave a g",
    "new_appearances": [],
    "importance": {
        "3": 1.0,
        "16": 0.4166666666666667,
        "18": 0.08333333333333333,
        "20": 0.08333333333333333,
        "19": 0.08333333333333333,
        "23": 0.16666666666666666,
        "22": 0.16666666666666666,
        "15": 0.08333333333333333,
        "10": 0.16666666666666666,
        "1": 0.6666666666666666,
        "21": 0.08333333333333333,
        "2": 0.8333333333333334,
        "5": 0.08333333333333333,
        "4": 0.08333333333333333,
        "6": 0.08333333333333333,
        "7": 0.08333333333333333,
        "8": 0.16666666666666666,
        "9": 0.08333333333333333,
        "25": 0.08333333333333333,
        "24": 0.08333333333333333,
        "12": 0.16666666666666666,
        "11": 0.08333333333333333,
        "13": 0.08333333333333333
    },
    "relations": []
}