{
    "title": "Narrator meets Gatsby",
    "start": 3692,
    "end": 4248,
    "text": "ot\ninvited—they went there. They got into automobiles which bore them out\nto Long Island, and somehow they ended up at Gatsby’s door. Once there\nthey were introduced by somebody who knew Gatsby, and after that they\nconducted themselves according to the rules of behaviour associated\nwith an amusement park. Sometimes they came and went without having\nmet Gatsby at all, came for the party with a simplicity of heart that\nwas its own ticket of admission.\n\nI had been actually invited. A chauffeur in a uniform of robin’s-egg\nblue crossed my lawn early that ",
    "new_appearances": [
        25,
        24
    ],
    "importance": {
        "3": 1.0,
        "16": 0.8333333333333334,
        "18": 0.16666666666666666,
        "20": 0.16666666666666666,
        "19": 0.16666666666666666,
        "23": 0.3333333333333333,
        "22": 0.3333333333333333,
        "15": 0.16666666666666666,
        "10": 0.16666666666666666,
        "1": 0.3333333333333333,
        "21": 0.16666666666666666,
        "2": 0.6666666666666666,
        "5": 0.16666666666666666,
        "4": 0.16666666666666666,
        "6": 0.16666666666666666,
        "7": 0.16666666666666666,
        "8": 0.16666666666666666,
        "9": 0.16666666666666666,
        "25": 0.16666666666666666,
        "24": 0.16666666666666666
    },
    "relations": []
}