{
    "title": "Narrator leaves Gatsby's party",
    "start": 7795,
    "end": 7987,
    "text": " something funny about a fellow that’ll do a thing like that,”\nsaid the other girl eagerly. “He doesn’t want any trouble with\nanybody.”\n\n“Who doesn’t?” I inquired.\n\n“Gatsby. Somebody told me—”",
    "new_appearances": [],
    "importance": {
        "3": 1.0,
        "16": 0.38461538461538464,
        "18": 0.07692307692307693,
        "20": 0.07692307692307693,
        "19": 0.07692307692307693,
        "23": 0.15384615384615385,
        "22": 0.15384615384615385,
        "15": 0.07692307692307693,
        "10": 0.15384615384615385,
        "1": 0.6923076923076923,
        "21": 0.07692307692307693,
        "2": 0.7692307692307693,
        "5": 0.07692307692307693,
        "4": 0.07692307692307693,
        "6": 0.07692307692307693,
        "7": 0.07692307692307693,
        "8": 0.23076923076923078,
        "9": 0.07692307692307693,
        "25": 0.07692307692307693,
        "24": 0.07692307692307693,
        "12": 0.15384615384615385,
        "11": 0.07692307692307693,
        "13": 0.07692307692307693
    },
    "relations": []
}