{
    "title": "Jordan and the narrator leave the library",
    "start": 6380,
    "end": 6741,
    "text": "u didn’t win.”\n\nThat was for the golf tournament. She had lost in the finals the week\nbefore.\n\n“You don’t know who we are,” said one of the girls in yellow, “but we\nmet you here about a month ago.”\n\n“You’ve dyed your hair since then,” remarked Jordan, and I started,\nbut the girls had moved casually on and her remark was addressed to\nthe premature moon, produc",
    "new_appearances": [],
    "importance": {
        "3": 1.0,
        "16": 0.45454545454545453,
        "18": 0.09090909090909091,
        "20": 0.09090909090909091,
        "19": 0.09090909090909091,
        "23": 0.18181818181818182,
        "22": 0.18181818181818182,
        "15": 0.09090909090909091,
        "10": 0.18181818181818182,
        "1": 0.6363636363636364,
        "21": 0.09090909090909091,
        "2": 0.9090909090909091,
        "5": 0.09090909090909091,
        "4": 0.09090909090909091,
        "6": 0.09090909090909091,
        "7": 0.09090909090909091,
        "8": 0.09090909090909091,
        "9": 0.09090909090909091,
        "25": 0.09090909090909091,
        "24": 0.09090909090909091,
        "12": 0.18181818181818182,
        "11": 0.09090909090909091,
        "13": 0.09090909090909091
    },
    "relations": []
}