{
    "title": "Narrator observes the party and a weeping singer",
    "start": 5776,
    "end": 6105,
    "text": "ooking with contemptuous\ninterest down into the garden.\n\nWelcome or not, I found it necessary to attach myself to someone\nbefore I should begin to address cordial remarks to the passersby.\n\n“Hello!” I roared, advancing toward her. My voice seemed unnaturally\nloud across the garden.\n\n“I thought you might be here,” she responded ",
    "new_appearances": [
        13
    ],
    "importance": {
        "3": 1.0,
        "16": 0.5555555555555556,
        "18": 0.1111111111111111,
        "20": 0.1111111111111111,
        "19": 0.1111111111111111,
        "23": 0.2222222222222222,
        "22": 0.2222222222222222,
        "15": 0.1111111111111111,
        "10": 0.2222222222222222,
        "1": 0.6666666666666666,
        "21": 0.1111111111111111,
        "2": 0.8888888888888888,
        "5": 0.1111111111111111,
        "4": 0.1111111111111111,
        "6": 0.1111111111111111,
        "7": 0.1111111111111111,
        "8": 0.1111111111111111,
        "9": 0.1111111111111111,
        "25": 0.1111111111111111,
        "24": 0.1111111111111111,
        "12": 0.2222222222222222,
        "11": 0.1111111111111111,
        "13": 0.1111111111111111
    },
    "relations": []
}