{
    "title": "Daisy cries over the beautiful shirts.",
    "start": 8107,
    "end": 8301,
    "text": "distraught\neyes stared down at Daisy, who was sitting, frightened but graceful,\non the edge of a stiff chair.\n\n“We’ve met before,” muttered Gatsby. His eyes glanced momentarily at\nme, and his li",
    "new_appearances": [],
    "importance": {
        "3": 0.1282051282051282,
        "1": 1.0,
        "8": 0.02564102564102564,
        "2": 0.5128205128205128,
        "4": 0.02564102564102564,
        "6": 0.05128205128205128,
        "5": 0.07692307692307693,
        "7": 0.02564102564102564,
        "11": 0.02564102564102564,
        "9": 0.02564102564102564
    },
    "relations": []
}