{
    "title": "Daisy and Gatsby awkwardly reminisce about their past. The Finn brings in tea, creating a welcome distraction.",
    "start": 4089,
    "end": 4303,
    "text": " greenhouse arrived\nfrom Gatsby’s, with innumerable receptacles to contain it. An hour\nlater the front door opened nervously, and Gatsby in a white flannel\nsuit, silver shirt, and gold-coloured tie, hurried in. He ",
    "new_appearances": [],
    "importance": {
        "3": 0.2631578947368421,
        "1": 1.0,
        "8": 0.05263157894736842,
        "2": 0.3157894736842105,
        "4": 0.05263157894736842,
        "6": 0.05263157894736842,
        "5": 0.15789473684210525,
        "7": 0.05263157894736842
    },
    "relations": []
}