{
    "title": "Daisy admires the pink and golden clouds in the sky after the rain.",
    "start": 9013,
    "end": 9145,
    "text": "ber.”\n\nThe automatic quality of Gatsby’s answer set us all back at least\nanother minute. I had them both on their feet with the desp",
    "new_appearances": [],
    "importance": {
        "3": 0.11363636363636363,
        "1": 1.0,
        "8": 0.022727272727272728,
        "2": 0.5681818181818182,
        "4": 0.022727272727272728,
        "6": 0.045454545454545456,
        "5": 0.06818181818181818,
        "7": 0.022727272727272728,
        "11": 0.022727272727272728,
        "9": 0.022727272727272728,
        "10": 0.022727272727272728
    },
    "relations": []
}