{
    "title": "A greenhouse of flowers arrives from Gatsby's.",
    "start": 2116,
    "end": 2278,
    "text": "This seemed to reassure him and he continued more confidently.\n\n“I thought you didn’t, if you’ll pardon my—you see, I carry on a\nlittle business on the side, a so",
    "new_appearances": [],
    "importance": {
        "3": 0.7142857142857143,
        "1": 1.0,
        "8": 0.14285714285714285,
        "2": 0.14285714285714285,
        "4": 0.14285714285714285,
        "6": 0.14285714285714285,
        "5": 0.14285714285714285
    },
    "relations": []
}