{
    "title": "Nick examines a photograph of Mr. Dan Cody, Gatsby's deceased best friend.",
    "start": 8527,
    "end": 8738,
    "text": " down, rigidly, his elbow on the arm\nof the sofa and his chin in his hand.\n\n“I’m sorry about the clock,” he said.\n\nMy own face had now assumed a deep tropical burn. I couldn’t muster up\na single commonplace out ",
    "new_appearances": [
        10
    ],
    "importance": {
        "3": 0.12195121951219512,
        "1": 1.0,
        "8": 0.024390243902439025,
        "2": 0.5365853658536586,
        "4": 0.024390243902439025,
        "6": 0.04878048780487805,
        "5": 0.07317073170731707,
        "7": 0.024390243902439025,
        "11": 0.024390243902439025,
        "9": 0.024390243902439025,
        "10": 0.024390243902439025
    },
    "relations": []
}