{
    "title": "Gatsby contradicts himself about inheriting his money and vaguely describes his past business ventures.",
    "start": 6057,
    "end": 6244,
    "text": ", tipped sideways beneath a\nthree-cornered lavender hat, looked out at me with a bright ecstatic\nsmile.\n\n“Is this absolutely where you live, my dearest one?”\n\nThe exhilarating ripple of h",
    "new_appearances": [],
    "importance": {
        "3": 0.16129032258064516,
        "1": 1.0,
        "8": 0.03225806451612903,
        "2": 0.3870967741935484,
        "4": 0.03225806451612903,
        "6": 0.06451612903225806,
        "5": 0.0967741935483871,
        "7": 0.03225806451612903,
        "11": 0.03225806451612903
    },
    "relations": []
}