{
    "title": "Daisy admires Gatsby's gold toilet set, and Gatsby laughs, overwhelmed by her presence and the realization of his long-held dream.",
    "start": 7457,
    "end": 7770,
    "text": "loud beating of my\nown heart I pulled the door to against the increasing rain.\n\nFor half a minute there wasn’t a sound. Then from the living-room I\nheard a sort of choking murmur and part of a laugh, followed by\nDaisy’s voice on a clear artificial note:\n\n“I certainly am awfully glad to see you again.”\n\nA pause; ",
    "new_appearances": [],
    "importance": {
        "3": 0.13513513513513514,
        "1": 1.0,
        "8": 0.02702702702702703,
        "2": 0.4864864864864865,
        "4": 0.02702702702702703,
        "6": 0.05405405405405406,
        "5": 0.08108108108108109,
        "7": 0.02702702702702703,
        "11": 0.02702702702702703,
        "9": 0.02702702702702703
    },
    "relations": []
}