{
    "title": "Gatsby suggests Klipspringer play the piano and calls for him.",
    "start": 9146,
    "end": 9350,
    "text": "rate\nsuggestion that they help me make tea in the kitchen when the demoniac\nFinn brought it in on a tray.\n\nAmid the welcome confusion of cups and cakes a certain physical\ndecency established itself. Gatsb",
    "new_appearances": [],
    "importance": {
        "3": 0.1111111111111111,
        "1": 1.0,
        "8": 0.022222222222222223,
        "2": 0.5777777777777777,
        "4": 0.022222222222222223,
        "6": 0.044444444444444446,
        "5": 0.06666666666666667,
        "7": 0.022222222222222223,
        "11": 0.022222222222222223,
        "9": 0.044444444444444446,
        "10": 0.022222222222222223
    },
    "relations": []
}