{
    "title": "Gatsby is missing, but then appears, pale and anxious, at the front door.",
    "start": 3210,
    "end": 3449,
    "text": "llingly home.\n\nThe evening had made me lightheaded and happy; I think I walked into a\ndeep sleep as I entered my front door. So I don’t know whether or not\nGatsby went to Coney Island, or for how many hours he “glanced into\nrooms” while hi",
    "new_appearances": [],
    "importance": {
        "3": 0.38461538461538464,
        "1": 1.0,
        "8": 0.07692307692307693,
        "2": 0.23076923076923078,
        "4": 0.07692307692307693,
        "6": 0.07692307692307693,
        "5": 0.15384615384615385,
        "7": 0.07692307692307693
    },
    "relations": []
}