{
    "title": "Daisy admires the grounds and gardens as they approach the house.",
    "start": 6615,
    "end": 6810,
    "text": "to come alone?”\n\n“That’s the secret of Castle Rackrent. Tell your chauffeur to go far\naway and spend an hour.”\n\n“Come back in an hour, Ferdie.” Then in a grave murmur: “His name is\nFerdie.”\n\n“Doe",
    "new_appearances": [],
    "importance": {
        "3": 0.14705882352941177,
        "1": 1.0,
        "8": 0.029411764705882353,
        "2": 0.4411764705882353,
        "4": 0.029411764705882353,
        "6": 0.058823529411764705,
        "5": 0.08823529411764706,
        "7": 0.029411764705882353,
        "11": 0.029411764705882353
    },
    "relations": []
}