{
    "title": "Gatsby expresses his joy that the rain has stopped and invites Nick and Daisy to see his house.",
    "start": 5644,
    "end": 5865,
    "text": " pressing demand on his time elsewhere. “I can’t wait\nall day.”\n\n“Don’t be silly; it’s just two minutes to four.”\n\nHe sat down miserably, as if I had pushed him, and simultaneously\nthere was the sound of a motor turning i",
    "new_appearances": [],
    "importance": {
        "3": 0.1724137931034483,
        "1": 1.0,
        "8": 0.034482758620689655,
        "2": 0.3448275862068966,
        "4": 0.034482758620689655,
        "6": 0.06896551724137931,
        "5": 0.10344827586206896,
        "7": 0.034482758620689655,
        "11": 0.034482758620689655
    },
    "relations": []
}