{
    "title": "Nick leaves Gatsby and Daisy together in the house as the rain falls.",
    "start": 10568,
    "end": 10728,
    "text": "black knotted tree, whose massed leaves made a fabric against the\nrain. Once more it was pouring, and my irregular lawn, well-shaved by\nGatsby’s gardener, aboun",
    "new_appearances": [],
    "importance": {
        "3": 0.13725490196078433,
        "1": 1.0,
        "8": 0.0196078431372549,
        "2": 0.6274509803921569,
        "4": 0.0196078431372549,
        "6": 0.0392156862745098,
        "5": 0.058823529411764705,
        "7": 0.0196078431372549,
        "11": 0.0196078431372549,
        "9": 0.11764705882352941,
        "10": 0.0196078431372549
    },
    "relations": []
}