{
    "title": "Gatsby pulls Nick into the kitchen, confessing that he feels the reunion is a mistake.",
    "start": 4304,
    "end": 4521,
    "text": "as pale,\nand there were dark signs of sleeplessness beneath his eyes.\n\n“Is everything all right?” he asked immediately.\n\n“The grass looks fine, if that’s what you mean.”\n\n“What grass?” he inquired blankly. “Oh, the gr",
    "new_appearances": [],
    "importance": {
        "3": 0.23809523809523808,
        "1": 1.0,
        "8": 0.047619047619047616,
        "2": 0.3333333333333333,
        "4": 0.047619047619047616,
        "6": 0.047619047619047616,
        "5": 0.14285714285714285,
        "7": 0.047619047619047616
    },
    "relations": []
}