{
    "title": "Klipspringer plays \"The Love Nest,\" and Gatsby commands him to continue.",
    "start": 9741,
    "end": 9943,
    "text": "llowed me wildly into the kitchen, closed the door, and\nwhispered: “Oh, God!” in a miserable way.\n\n“What’s the matter?”\n\n“This is a terrible mistake,” he said, shaking his head from side to\nside, “a ter",
    "new_appearances": [],
    "importance": {
        "3": 0.10416666666666667,
        "1": 1.0,
        "8": 0.020833333333333332,
        "2": 0.6041666666666666,
        "4": 0.020833333333333332,
        "6": 0.041666666666666664,
        "5": 0.0625,
        "7": 0.020833333333333332,
        "11": 0.020833333333333332,
        "9": 0.10416666666666667,
        "10": 0.020833333333333332
    },
    "relations": []
}