{
    "title": "Daisy expresses her admiration for Gatsby's house, and Gatsby mentions the interesting people he keeps there.",
    "start": 6430,
    "end": 6614,
    "text": "of blue paint across her cheek, and her hand was wet with\nglistening drops as I took it to help her from the car.\n\n“Are you in love with me,” she said low in my ear, “or why did I have",
    "new_appearances": [],
    "importance": {
        "3": 0.15151515151515152,
        "1": 1.0,
        "8": 0.030303030303030304,
        "2": 0.42424242424242425,
        "4": 0.030303030303030304,
        "6": 0.06060606060606061,
        "5": 0.09090909090909091,
        "7": 0.030303030303030304,
        "11": 0.030303030303030304
    },
    "relations": []
}