{
    "title": "Klipspringer arrives, embarrassed, and Daisy politely inquires if they interrupted his exercise.",
    "start": 9351,
    "end": 9551,
    "text": " got himself into a shadow and,\nwhile Daisy and I talked, looked conscientiously from one to the other\nof us with tense, unhappy eyes. However, as calmness wasn’t an end in\nitself, I made an excuse at",
    "new_appearances": [],
    "importance": {
        "3": 0.10869565217391304,
        "1": 1.0,
        "8": 0.021739130434782608,
        "2": 0.5869565217391305,
        "4": 0.021739130434782608,
        "6": 0.043478260869565216,
        "5": 0.06521739130434782,
        "7": 0.021739130434782608,
        "11": 0.021739130434782608,
        "9": 0.06521739130434782,
        "10": 0.021739130434782608
    },
    "relations": []
}