{
    "title": "Daisy arrives in a car driven by Ferdie, and she and Nick exchange words before entering the house.",
    "start": 2957,
    "end": 3209,
    "text": "s with Wolfshiem.” Evidently he\nthought that I was shying away from the “gonnegtion” mentioned at\nlunch, but I assured him he was wrong. He waited a moment longer,\nhoping I’d begin a conversation, but I was too absorbed to be\nresponsive, so he went unw",
    "new_appearances": [
        7
    ],
    "importance": {
        "3": 0.45454545454545453,
        "1": 1.0,
        "8": 0.09090909090909091,
        "2": 0.18181818181818182,
        "4": 0.09090909090909091,
        "6": 0.09090909090909091,
        "5": 0.18181818181818182,
        "7": 0.09090909090909091
    },
    "relations": []
}