{
    "title": "Gatsby insists Klipspringer play the piano, despite his protests.",
    "start": 9552,
    "end": 9740,
    "text": "the first possible moment, and got to my\nfeet.\n\n“Where are you going?” demanded Gatsby in immediate alarm.\n\n“I’ll be back.”\n\n“I’ve got to speak to you about something before you go.”\n\nHe f",
    "new_appearances": [],
    "importance": {
        "3": 0.10638297872340426,
        "1": 1.0,
        "8": 0.02127659574468085,
        "2": 0.5957446808510638,
        "4": 0.02127659574468085,
        "6": 0.0425531914893617,
        "5": 0.06382978723404255,
        "7": 0.02127659574468085,
        "11": 0.02127659574468085,
        "9": 0.0851063829787234,
        "10": 0.02127659574468085
    },
    "relations": []
}