{
    "title": "Narrator says goodbye to Gatsby",
    "start": 6742,
    "end": 6948,
    "text": "d like the supper, no doubt, out of a\ncaterer’s basket. With Jordan’s slender golden arm resting in mine, we\ndescended the steps and sauntered about the garden. A tray of\ncocktails floated at us through the",
    "new_appearances": [],
    "importance": {
        "3": 1.0,
        "16": 0.4166666666666667,
        "18": 0.08333333333333333,
        "20": 0.08333333333333333,
        "19": 0.08333333333333333,
        "23": 0.16666666666666666,
        "22": 0.16666666666666666,
        "15": 0.08333333333333333,
        "10": 0.16666666666666666,
        "1": 0.6666666666666666,
        "21": 0.08333333333333333,
        "2": 0.8333333333333334,
        "5": 0.08333333333333333,
        "4": 0.08333333333333333,
        "6": 0.08333333333333333,
        "7": 0.08333333333333333,
        "8": 0.08333333333333333,
        "9": 0.08333333333333333,
        "25": 0.08333333333333333,
        "24": 0.08333333333333333,
        "12": 0.16666666666666666,
        "11": 0.08333333333333333,
        "13": 0.08333333333333333
    },
    "relations": []
}