{
    "title": "Gatsby identifies himself and is called away",
    "start": 4249,
    "end": 4672,
    "text": "aturday morning with a surprisingly\nformal note from his employer: the honour would be entirely Gatsby’s,\nit said, if I would attend his “little party” that night. He had seen\nme several times, and had intended to call on me long before, but a\npeculiar combination of circumstances had prevented it—signed Jay\nGatsby, in a majestic hand.\n\nDressed up in white flannels I went over to his lawn a little after\nseven, and wande",
    "new_appearances": [
        12
    ],
    "importance": {
        "3": 1.0,
        "16": 0.7142857142857143,
        "18": 0.14285714285714285,
        "20": 0.14285714285714285,
        "19": 0.14285714285714285,
        "23": 0.2857142857142857,
        "22": 0.2857142857142857,
        "15": 0.14285714285714285,
        "10": 0.14285714285714285,
        "1": 0.42857142857142855,
        "21": 0.14285714285714285,
        "2": 0.7142857142857143,
        "5": 0.14285714285714285,
        "4": 0.14285714285714285,
        "6": 0.14285714285714285,
        "7": 0.14285714285714285,
        "8": 0.14285714285714285,
        "9": 0.14285714285714285,
        "25": 0.14285714285714285,
        "24": 0.14285714285714285,
        "12": 0.14285714285714285
    },
    "relations": []
}