{
    "title": "Narrator reflects on his summer in New York",
    "start": 7988,
    "end": 8229,
    "text": "\nThe two girls and Jordan leaned together confidentially.\n\n“Somebody told me they thought he killed a man once.”\n\nA thrill passed over all of us. The three Mr. Mumbles bent forward and\nlistened eagerly.\n\n“I don’t think it’s so much that,” ar",
    "new_appearances": [],
    "importance": {
        "3": 1.0,
        "16": 0.35714285714285715,
        "18": 0.07142857142857142,
        "20": 0.07142857142857142,
        "19": 0.07142857142857142,
        "23": 0.14285714285714285,
        "22": 0.14285714285714285,
        "15": 0.07142857142857142,
        "10": 0.14285714285714285,
        "1": 0.6428571428571429,
        "21": 0.07142857142857142,
        "2": 0.7142857142857143,
        "5": 0.07142857142857142,
        "4": 0.07142857142857142,
        "6": 0.07142857142857142,
        "7": 0.07142857142857142,
        "8": 0.21428571428571427,
        "9": 0.07142857142857142,
        "25": 0.07142857142857142,
        "24": 0.07142857142857142,
        "12": 0.14285714285714285,
        "11": 0.07142857142857142,
        "13": 0.07142857142857142
    },
    "relations": [
        {
            "id1": 2.0,
            "explanation": "The girls leaning together confidentially and sharing rumors about Gatsby killing a man suggests a close, gossipy relationship. The phrase \"Somebody told me they thought he killed a man once\" indicates a shared interest in scandalous rumors about Gatsby.",
            "relation": [
                "shared rumor",
                "gossip"
            ],
            "id2": 4.0,
            "positivity": -0.2,
            "weight": 0.5
        },
        {
            "explanation": "The girls leaning together confidentially and sharing rumors about Gatsby killing a man suggests a close, gossipy relationship. The phrase \"Somebody told me they thought he killed a man once\" indicates a shared interest in scandalous rumors about Gatsby.",
            "id1": 2.0,
            "relation": [
                "shared rumor",
                "gossip"
            ],
            "id2": 5.0,
            "positivity": -0.2,
            "weight": 0.5
        },
        {
            "id1": 4.0,
            "explanation": "The girls leaning together confidentially and sharing rumors about Gatsby killing a man suggests a close, gossipy relationship. The phrase \"Somebody told me they thought he killed a man once\" indicates a shared interest in scandalous rumors about Gatsby.",
            "relation": [
                "shared rumor",
                "gossip"
            ],
            "id2": 5.0,
            "positivity": -0.2,
            "weight": 0.5
        },
        {
            "relation": [
                "interested in gossip"
            ],
            "id1": 4.0,
            "explanation": "The three Mr. Mumbles bent forward and listened eagerly to the rumors about Gatsby. This indicates they are interested in gossip about Gatsby.",
            "id2": 6.0,
            "positivity": 0.1,
            "weight": 0.3
        },
        {
            "relation": [
                "interested in gossip"
            ],
            "explanation": "The three Mr. Mumbles bent forward and listened eagerly to the rumors about Gatsby. This indicates they are interested in gossip about Gatsby.",
            "id1": 5.0,
            "id2": 6.0,
            "positivity": 0.1,
            "weight": 0.3
        },
        {
            "relation": [
                "interested in gossip"
            ],
            "explanation": "The three Mr. Mumbles bent forward and listened eagerly to the rumors about Gatsby. This indicates they are interested in gossip about Gatsby.",
            "id1": 2.0,
            "id2": 6.0,
            "positivity": 0.1,
            "weight": 0.3
        },
        {
            "explanation": "The girls are spreading rumors about Gatsby, suggesting a negative perception of him. The phrase \"Somebody told me they thought he killed a man once\" indicates a negative rumor.",
            "relation": [
                "subject of rumor"
            ],
            "id1": 1.0,
            "id2": 4.0,
            "positivity": -0.6,
            "weight": 0.4
        },
        {
            "id1": 1.0,
            "relation": [
                "subject of rumor"
            ],
            "explanation": "The girls are spreading rumors about Gatsby, suggesting a negative perception of him. The phrase \"Somebody told me they thought he killed a man once\" indicates a negative rumor.",
            "id2": 5.0,
            "positivity": -0.6,
            "weight": 0.4
        },
        {
            "relation": [
                "subject of rumor"
            ],
            "id1": 1.0,
            "explanation": "The Mr. Mumbles are listening to rumors about Gatsby, suggesting a negative perception of him. The phrase \"Somebody told me they thought he killed a man once\" indicates a negative rumor.",
            "id2": 6.0,
            "positivity": -0.6,
            "weight": 0.4
        }
    ]
}