{
    "title": "Klipspringer plays while a storm brews outside.",
    "start": 9944,
    "end": 10152,
    "text": "ible, terrible mistake.”\n\n“You’re just embarrassed, that’s all,” and luckily I added: “Daisy’s\nembarrassed too.”\n\n“She’s embarrassed?” he repeated incredulously.\n\n“Just as much as you are.”\n\n“Don’t talk so lo",
    "new_appearances": [],
    "importance": {
        "3": 0.10204081632653061,
        "1": 1.0,
        "8": 0.02040816326530612,
        "2": 0.6122448979591837,
        "4": 0.02040816326530612,
        "6": 0.04081632653061224,
        "5": 0.061224489795918366,
        "7": 0.02040816326530612,
        "11": 0.02040816326530612,
        "9": 0.12244897959183673,
        "10": 0.02040816326530612
    },
    "relations": []
}