{
    "title": "Nick reassures Gatsby, telling him Daisy is also embarrassed, and urges him to be more considerate. Gatsby returns to Daisy.",
    "start": 4522,
    "end": 4745,
    "text": "ss in the yard.” He\nlooked out the window at it, but, judging from his expression, I don’t\nbelieve he saw a thing.\n\n“Looks very good,” he remarked vaguely. “One of the papers said they\nthought the rain would stop about four",
    "new_appearances": [],
    "importance": {
        "3": 0.21739130434782608,
        "1": 1.0,
        "8": 0.043478260869565216,
        "2": 0.34782608695652173,
        "4": 0.043478260869565216,
        "6": 0.043478260869565216,
        "5": 0.13043478260869565,
        "7": 0.043478260869565216
    },
    "relations": []
}