{
    "title": "Gatsby takes a phone call and speaks cryptically about a small town.",
    "start": 8883,
    "end": 9012,
    "text": "\nthe floor.\n\n“We haven’t met for many years,” said Daisy, her voice as\nmatter-of-fact as it could ever be.\n\n“Five years next Nove",
    "new_appearances": [],
    "importance": {
        "3": 0.11627906976744186,
        "1": 1.0,
        "8": 0.023255813953488372,
        "2": 0.5581395348837209,
        "4": 0.023255813953488372,
        "6": 0.046511627906976744,
        "5": 0.06976744186046512,
        "7": 0.023255813953488372,
        "11": 0.023255813953488372,
        "9": 0.023255813953488372,
        "10": 0.023255813953488372
    },
    "relations": []
}