{
    "title": "Gatsby enters the living room, and after an awkward pause, Daisy greets him.",
    "start": 3450,
    "end": 3705,
    "text": " house blazed gaudily on. I called up Daisy from the\noffice next morning, and invited her to come to tea.\n\n“Don’t bring Tom,” I warned her.\n\n“What?”\n\n“Don’t bring Tom.”\n\n“Who is ‘Tom’?” she asked innocently.\n\nThe day agreed upon was pouring rain. At eleve",
    "new_appearances": [],
    "importance": {
        "3": 0.3333333333333333,
        "1": 1.0,
        "8": 0.06666666666666667,
        "2": 0.26666666666666666,
        "4": 0.06666666666666667,
        "6": 0.06666666666666667,
        "5": 0.13333333333333333,
        "7": 0.06666666666666667
    },
    "relations": []
}