{
    "title": "Gatsby boasts about his house and how long it took him to earn the money to buy it.",
    "start": 5866,
    "end": 6056,
    "text": "to my lane. We both jumped\nup, and, a little harrowed myself, I went out into the yard.\n\nUnder the dripping bare lilac-trees a large open car was coming up the\ndrive. It stopped. Daisy’s fac",
    "new_appearances": [],
    "importance": {
        "3": 0.16666666666666666,
        "1": 1.0,
        "8": 0.03333333333333333,
        "2": 0.36666666666666664,
        "4": 0.03333333333333333,
        "6": 0.06666666666666667,
        "5": 0.1,
        "7": 0.03333333333333333,
        "11": 0.03333333333333333
    },
    "relations": []
}