{
    "title": "Daisy admires a photo of young Gatsby. Gatsby shows Daisy clippings about her.",
    "start": 8739,
    "end": 8882,
    "text": "f the thousand in my head.\n\n“It’s an old clock,” I told them idiotically.\n\nI think we all believed for a moment that it had smashed in pieces o",
    "new_appearances": [],
    "importance": {
        "3": 0.11904761904761904,
        "1": 1.0,
        "8": 0.023809523809523808,
        "2": 0.5476190476190477,
        "4": 0.023809523809523808,
        "6": 0.047619047619047616,
        "5": 0.07142857142857142,
        "7": 0.023809523809523808,
        "11": 0.023809523809523808,
        "9": 0.023809523809523808,
        "10": 0.023809523809523808
    },
    "relations": []
}