{
    "title": "They enter Gatsby's apartment, where he continues to gaze at Daisy, revaluing his possessions based on her reaction.",
    "start": 7202,
    "end": 7456,
    "text": "was standing in a\npuddle of water glaring tragically into my eyes.\n\nWith his hands still in his coat pockets he stalked by me into the\nhall, turned sharply as if he were on a wire, and disappeared into the\nliving-room. It wasn’t a bit funny. Aware of the",
    "new_appearances": [],
    "importance": {
        "3": 0.1388888888888889,
        "1": 1.0,
        "8": 0.027777777777777776,
        "2": 0.4722222222222222,
        "4": 0.027777777777777776,
        "6": 0.05555555555555555,
        "5": 0.08333333333333333,
        "7": 0.027777777777777776,
        "11": 0.027777777777777776,
        "9": 0.027777777777777776
    },
    "relations": []
}