{
    "title": "Tom meets Gatsby and Gatsby disappears",
    "start": 12281,
    "end": 12507,
    "text": ", with the sunlight through the girders making a\nconstant flicker upon the moving cars, with the city rising up across\nthe river in white heaps and sugar lumps all built with a wish out of\nnonolfactory money. The city seen fro",
    "new_appearances": [],
    "importance": {
        "1": 1.0,
        "5": 0.05555555555555555,
        "6": 0.05555555555555555,
        "7": 0.05555555555555555,
        "8": 0.05555555555555555,
        "9": 0.05555555555555555,
        "10": 0.05555555555555555,
        "11": 0.05555555555555555,
        "12": 0.05555555555555555,
        "13": 0.05555555555555555,
        "14": 0.05555555555555555,
        "15": 0.05555555555555555,
        "16": 0.05555555555555555,
        "17": 0.05555555555555555,
        "18": 0.05555555555555555,
        "19": 0.05555555555555555,
        "20": 0.05555555555555555,
        "21": 0.05555555555555555,
        "22": 0.05555555555555555,
        "23": 0.05555555555555555,
        "24": 0.05555555555555555,
        "25": 0.05555555555555555,
        "26": 0.05555555555555555,
        "27": 0.05555555555555555,
        "28": 0.05555555555555555,
        "29": 0.05555555555555555,
        "30": 0.05555555555555555,
        "31": 0.05555555555555555,
        "32": 0.05555555555555555,
        "33": 0.05555555555555555,
        "34": 0.05555555555555555,
        "35": 0.05555555555555555,
        "36": 0.05555555555555555,
        "37": 0.05555555555555555,
        "38": 0.05555555555555555,
        "39": 0.05555555555555555,
        "40": 0.05555555555555555,
        "41": 0.05555555555555555,
        "42": 0.05555555555555555,
        "43": 0.05555555555555555,
        "44": 0.05555555555555555,
        "45": 0.05555555555555555,
        "46": 0.05555555555555555,
        "47": 0.05555555555555555,
        "48": 0.05555555555555555,
        "49": 0.05555555555555555,
        "50": 0.05555555555555555,
        "51": 0.05555555555555555,
        "52": 0.05555555555555555,
        "53": 0.05555555555555555,
        "54": 0.05555555555555555,
        "55": 0.05555555555555555,
        "56": 0.05555555555555555,
        "57": 0.05555555555555555,
        "58": 0.05555555555555555,
        "59": 0.05555555555555555,
        "60": 0.05555555555555555,
        "61": 0.05555555555555555,
        "62": 0.05555555555555555,
        "63": 0.05555555555555555,
        "64": 0.05555555555555555,
        "65": 0.05555555555555555,
        "66": 0.05555555555555555,
        "67": 0.05555555555555555,
        "68": 0.05555555555555555,
        "69": 0.05555555555555555,
        "70": 0.05555555555555555,
        "71": 0.05555555555555555,
        "72": 0.05555555555555555,
        "73": 0.05555555555555555,
        "74": 0.05555555555555555,
        "2": 0.3888888888888889,
        "4": 0.16666666666666666,
        "80": 0.05555555555555555,
        "75": 0.05555555555555555,
        "76": 0.05555555555555555,
        "3": 0.3333333333333333,
        "77": 0.05555555555555555,
        "78": 0.05555555555555555,
        "79": 0.05555555555555555
    },
    "relations": [
        {
            "explanation": "Gatsby shows the policeman a white card and the policeman lets him go, indicating a relationship of influence or obligation. Gatsby states he did the commissioner a favor once, further supporting this.",
            "relation": [
                "Influence",
                "Favor"
            ],
            "id1": 1.0,
            "id2": 76.0,
            "positivity": 0.7,
            "weight": 0.8
        },
        {
            "relation": [
                "Indirect Communication"
            ],
            "id1": 1.0,
            "explanation": "No clear relations are added or modified in this event.",
            "id2": 4.0,
            "positivity": 0.5,
            "weight": 0.6
        }
    ]
}