{
    "title": "Nick spots Tom Buchanan",
    "start": 11902,
    "end": 12280,
    "text": "called Gatsby. We slowed down. Taking a white\ncard from his wallet, he waved it before the man’s eyes.\n\n“Right you are,” agreed the policeman, tipping his cap. “Know you next\ntime, Mr. Gatsby. Excuse me!”\n\n“What was that?” I inquired. “The picture of Oxford?”\n\n“I was able to do the commissioner a favour once, and he sends me a\nChristmas card every year.”\n\nOver the great bridg",
    "new_appearances": [],
    "importance": {
        "1": 1.0,
        "5": 0.058823529411764705,
        "6": 0.058823529411764705,
        "7": 0.058823529411764705,
        "8": 0.058823529411764705,
        "9": 0.058823529411764705,
        "10": 0.058823529411764705,
        "11": 0.058823529411764705,
        "12": 0.058823529411764705,
        "13": 0.058823529411764705,
        "14": 0.058823529411764705,
        "15": 0.058823529411764705,
        "16": 0.058823529411764705,
        "17": 0.058823529411764705,
        "18": 0.058823529411764705,
        "19": 0.058823529411764705,
        "20": 0.058823529411764705,
        "21": 0.058823529411764705,
        "22": 0.058823529411764705,
        "23": 0.058823529411764705,
        "24": 0.058823529411764705,
        "25": 0.058823529411764705,
        "26": 0.058823529411764705,
        "27": 0.058823529411764705,
        "28": 0.058823529411764705,
        "29": 0.058823529411764705,
        "30": 0.058823529411764705,
        "31": 0.058823529411764705,
        "32": 0.058823529411764705,
        "33": 0.058823529411764705,
        "34": 0.058823529411764705,
        "35": 0.058823529411764705,
        "36": 0.058823529411764705,
        "37": 0.058823529411764705,
        "38": 0.058823529411764705,
        "39": 0.058823529411764705,
        "40": 0.058823529411764705,
        "41": 0.058823529411764705,
        "42": 0.058823529411764705,
        "43": 0.058823529411764705,
        "44": 0.058823529411764705,
        "45": 0.058823529411764705,
        "46": 0.058823529411764705,
        "47": 0.058823529411764705,
        "48": 0.058823529411764705,
        "49": 0.058823529411764705,
        "50": 0.058823529411764705,
        "51": 0.058823529411764705,
        "52": 0.058823529411764705,
        "53": 0.058823529411764705,
        "54": 0.058823529411764705,
        "55": 0.058823529411764705,
        "56": 0.058823529411764705,
        "57": 0.058823529411764705,
        "58": 0.058823529411764705,
        "59": 0.058823529411764705,
        "60": 0.058823529411764705,
        "61": 0.058823529411764705,
        "62": 0.058823529411764705,
        "63": 0.058823529411764705,
        "64": 0.058823529411764705,
        "65": 0.058823529411764705,
        "66": 0.058823529411764705,
        "67": 0.058823529411764705,
        "68": 0.058823529411764705,
        "69": 0.058823529411764705,
        "70": 0.058823529411764705,
        "71": 0.058823529411764705,
        "72": 0.058823529411764705,
        "73": 0.058823529411764705,
        "74": 0.058823529411764705,
        "2": 0.35294117647058826,
        "4": 0.17647058823529413,
        "80": 0.058823529411764705,
        "75": 0.058823529411764705,
        "76": 0.058823529411764705,
        "3": 0.35294117647058826,
        "77": 0.058823529411764705,
        "78": 0.058823529411764705,
        "79": 0.058823529411764705
    },
    "relations": [
        {
            "relation": [
                "Influence",
                "Favor"
            ],
            "explanation": "Gatsby shows the policeman a white card and the policeman lets him go, indicating a relationship of influence or obligation. Gatsby states he did the commissioner a favor once, further supporting this.",
            "id1": 1.0,
            "id2": 76.0,
            "positivity": 0.7,
            "weight": 0.8
        },
        {
            "relation": [
                "Indirect Communication"
            ],
            "id1": 1.0,
            "explanation": "No clear relations are added or modified in this event.",
            "id2": 4.0,
            "positivity": 0.5,
            "weight": 0.6
        }
    ]
}