{
    "title": "Gatsby shows Nick his medal and Oxford photo",
    "start": 5009,
    "end": 5803,
    "text": "uppose, with the absence of lifting work in youth and, even more,\nwith the formless grace of our nervous, sporadic games. This quality\nwas continually breaking through his punctilious manner in the shape\nof restlessness. He was never quite still; there was always a tapping\nfoot somewhere or the impatient opening and closing of a hand.\n\nHe saw me looking with admiration at his car.\n\n“It’s pretty, isn’t it, old sport?” He jumped off to give me a better\nview. “Haven’t you ever seen it before?”\n\nI’d seen it. Everybody had seen it. It was a rich cream colour, bright\nwith nickel, swollen here and there in its monstrous length with\ntriumphant hatboxes and supper-boxes and toolboxes, and terraced with\na labyrinth of windshields that mirrored a dozen suns. Sitting down\nbehind many layers of g",
    "new_appearances": [
        80
    ],
    "importance": {
        "1": 1.0,
        "5": 0.14285714285714285,
        "6": 0.14285714285714285,
        "7": 0.14285714285714285,
        "8": 0.14285714285714285,
        "9": 0.14285714285714285,
        "10": 0.14285714285714285,
        "11": 0.14285714285714285,
        "12": 0.14285714285714285,
        "13": 0.14285714285714285,
        "14": 0.14285714285714285,
        "15": 0.14285714285714285,
        "16": 0.14285714285714285,
        "17": 0.14285714285714285,
        "18": 0.14285714285714285,
        "19": 0.14285714285714285,
        "20": 0.14285714285714285,
        "21": 0.14285714285714285,
        "22": 0.14285714285714285,
        "23": 0.14285714285714285,
        "24": 0.14285714285714285,
        "25": 0.14285714285714285,
        "26": 0.14285714285714285,
        "27": 0.14285714285714285,
        "28": 0.14285714285714285,
        "29": 0.14285714285714285,
        "30": 0.14285714285714285,
        "31": 0.14285714285714285,
        "32": 0.14285714285714285,
        "33": 0.14285714285714285,
        "34": 0.14285714285714285,
        "35": 0.14285714285714285,
        "36": 0.14285714285714285,
        "37": 0.14285714285714285,
        "38": 0.14285714285714285,
        "39": 0.14285714285714285,
        "40": 0.14285714285714285,
        "41": 0.14285714285714285,
        "42": 0.14285714285714285,
        "43": 0.14285714285714285,
        "44": 0.14285714285714285,
        "45": 0.14285714285714285,
        "46": 0.14285714285714285,
        "47": 0.14285714285714285,
        "48": 0.14285714285714285,
        "49": 0.14285714285714285,
        "50": 0.14285714285714285,
        "51": 0.14285714285714285,
        "52": 0.14285714285714285,
        "53": 0.14285714285714285,
        "54": 0.14285714285714285,
        "55": 0.14285714285714285,
        "56": 0.14285714285714285,
        "57": 0.14285714285714285,
        "58": 0.14285714285714285,
        "59": 0.14285714285714285,
        "60": 0.14285714285714285,
        "61": 0.14285714285714285,
        "62": 0.14285714285714285,
        "63": 0.14285714285714285,
        "64": 0.14285714285714285,
        "65": 0.14285714285714285,
        "66": 0.14285714285714285,
        "67": 0.14285714285714285,
        "68": 0.14285714285714285,
        "69": 0.14285714285714285,
        "70": 0.14285714285714285,
        "71": 0.14285714285714285,
        "72": 0.14285714285714285,
        "73": 0.14285714285714285,
        "74": 0.14285714285714285,
        "2": 0.14285714285714285,
        "4": 0.14285714285714285,
        "80": 0.14285714285714285
    },
    "relations": []
}