{
    "title": "Jordan begins her story about Daisy and Gatsby",
    "start": 12508,
    "end": 13041,
    "text": " the Queensboro Bridge is always\nthe city seen for the first time, in its first wild promise of all the\nmystery and the beauty in the world.\n\nA dead man passed us in a hearse heaped with blooms, followed by two\ncarriages with drawn blinds, and by more cheerful carriages for\nfriends. The friends looked out at us with the tragic eyes and short\nupper lips of southeastern Europe, and I was glad that the sight of\nGatsby’s splendid car was included in their sombre holiday. As we\ncrossed Blackwell’s Island a limousine passed us, drive",
    "new_appearances": [],
    "importance": {
        "1": 1.0,
        "5": 0.05263157894736842,
        "6": 0.05263157894736842,
        "7": 0.05263157894736842,
        "8": 0.05263157894736842,
        "9": 0.05263157894736842,
        "10": 0.05263157894736842,
        "11": 0.05263157894736842,
        "12": 0.05263157894736842,
        "13": 0.05263157894736842,
        "14": 0.05263157894736842,
        "15": 0.05263157894736842,
        "16": 0.05263157894736842,
        "17": 0.05263157894736842,
        "18": 0.05263157894736842,
        "19": 0.05263157894736842,
        "20": 0.05263157894736842,
        "21": 0.05263157894736842,
        "22": 0.05263157894736842,
        "23": 0.05263157894736842,
        "24": 0.05263157894736842,
        "25": 0.05263157894736842,
        "26": 0.05263157894736842,
        "27": 0.05263157894736842,
        "28": 0.05263157894736842,
        "29": 0.05263157894736842,
        "30": 0.05263157894736842,
        "31": 0.05263157894736842,
        "32": 0.05263157894736842,
        "33": 0.05263157894736842,
        "34": 0.05263157894736842,
        "35": 0.05263157894736842,
        "36": 0.05263157894736842,
        "37": 0.05263157894736842,
        "38": 0.05263157894736842,
        "39": 0.05263157894736842,
        "40": 0.05263157894736842,
        "41": 0.05263157894736842,
        "42": 0.05263157894736842,
        "43": 0.05263157894736842,
        "44": 0.05263157894736842,
        "45": 0.05263157894736842,
        "46": 0.05263157894736842,
        "47": 0.05263157894736842,
        "48": 0.05263157894736842,
        "49": 0.05263157894736842,
        "50": 0.05263157894736842,
        "51": 0.05263157894736842,
        "52": 0.05263157894736842,
        "53": 0.05263157894736842,
        "54": 0.05263157894736842,
        "55": 0.05263157894736842,
        "56": 0.05263157894736842,
        "57": 0.05263157894736842,
        "58": 0.05263157894736842,
        "59": 0.05263157894736842,
        "60": 0.05263157894736842,
        "61": 0.05263157894736842,
        "62": 0.05263157894736842,
        "63": 0.05263157894736842,
        "64": 0.05263157894736842,
        "65": 0.05263157894736842,
        "66": 0.05263157894736842,
        "67": 0.05263157894736842,
        "68": 0.05263157894736842,
        "69": 0.05263157894736842,
        "70": 0.05263157894736842,
        "71": 0.05263157894736842,
        "72": 0.05263157894736842,
        "73": 0.05263157894736842,
        "74": 0.05263157894736842,
        "2": 0.3684210526315789,
        "4": 0.21052631578947367,
        "80": 0.05263157894736842,
        "75": 0.05263157894736842,
        "76": 0.05263157894736842,
        "3": 0.3157894736842105,
        "77": 0.05263157894736842,
        "78": 0.05263157894736842,
        "79": 0.05263157894736842
    },
    "relations": [
        {
            "id1": 1.0,
            "explanation": "Gatsby shows the policeman a white card and the policeman lets him go, indicating a relationship of influence or obligation. Gatsby states he did the commissioner a favor once, further supporting this.",
            "relation": [
                "Influence",
                "Favor"
            ],
            "id2": 76.0,
            "positivity": 0.7,
            "weight": 0.8
        },
        {
            "relation": [
                "Indirect Communication"
            ],
            "explanation": "No clear relations are added or modified in this event.",
            "id1": 1.0,
            "id2": 4.0,
            "positivity": 0.5,
            "weight": 0.6
        }
    ]
}