{
    "title": "Wolfshiem tells the story of Rosy Rosenthal",
    "start": 8282,
    "end": 8921,
    "text": "\n“Then came the war, old sport. It was a great relief, and I tried very\nhard to die, but I seemed to bear an enchanted life. I accepted a\ncommission as first lieutenant when it began. In the Argonne Forest I\ntook the remains of my machine-gun battalion so far forward that there\nwas a half mile gap on either side of us where the infantry couldn’t\nadvance. We stayed there two days and two nights, a hundred and thirty\nmen with sixteen Lewis guns, and when the infantry came up at last\nthey found the insignia of three German divisions among the piles of\ndead. I was promoted to be a major, and every Allied government gave\nme a decoration",
    "new_appearances": [],
    "importance": {
        "1": 1.0,
        "5": 0.09090909090909091,
        "6": 0.09090909090909091,
        "7": 0.09090909090909091,
        "8": 0.09090909090909091,
        "9": 0.09090909090909091,
        "10": 0.09090909090909091,
        "11": 0.09090909090909091,
        "12": 0.09090909090909091,
        "13": 0.09090909090909091,
        "14": 0.09090909090909091,
        "15": 0.09090909090909091,
        "16": 0.09090909090909091,
        "17": 0.09090909090909091,
        "18": 0.09090909090909091,
        "19": 0.09090909090909091,
        "20": 0.09090909090909091,
        "21": 0.09090909090909091,
        "22": 0.09090909090909091,
        "23": 0.09090909090909091,
        "24": 0.09090909090909091,
        "25": 0.09090909090909091,
        "26": 0.09090909090909091,
        "27": 0.09090909090909091,
        "28": 0.09090909090909091,
        "29": 0.09090909090909091,
        "30": 0.09090909090909091,
        "31": 0.09090909090909091,
        "32": 0.09090909090909091,
        "33": 0.09090909090909091,
        "34": 0.09090909090909091,
        "35": 0.09090909090909091,
        "36": 0.09090909090909091,
        "37": 0.09090909090909091,
        "38": 0.09090909090909091,
        "39": 0.09090909090909091,
        "40": 0.09090909090909091,
        "41": 0.09090909090909091,
        "42": 0.09090909090909091,
        "43": 0.09090909090909091,
        "44": 0.09090909090909091,
        "45": 0.09090909090909091,
        "46": 0.09090909090909091,
        "47": 0.09090909090909091,
        "48": 0.09090909090909091,
        "49": 0.09090909090909091,
        "50": 0.09090909090909091,
        "51": 0.09090909090909091,
        "52": 0.09090909090909091,
        "53": 0.09090909090909091,
        "54": 0.09090909090909091,
        "55": 0.09090909090909091,
        "56": 0.09090909090909091,
        "57": 0.09090909090909091,
        "58": 0.09090909090909091,
        "59": 0.09090909090909091,
        "60": 0.09090909090909091,
        "61": 0.09090909090909091,
        "62": 0.09090909090909091,
        "63": 0.09090909090909091,
        "64": 0.09090909090909091,
        "65": 0.09090909090909091,
        "66": 0.09090909090909091,
        "67": 0.09090909090909091,
        "68": 0.09090909090909091,
        "69": 0.09090909090909091,
        "70": 0.09090909090909091,
        "71": 0.09090909090909091,
        "72": 0.09090909090909091,
        "73": 0.09090909090909091,
        "74": 0.09090909090909091,
        "2": 0.2727272727272727,
        "4": 0.18181818181818182,
        "80": 0.09090909090909091,
        "75": 0.09090909090909091,
        "76": 0.09090909090909091,
        "3": 0.18181818181818182,
        "77": 0.09090909090909091,
        "78": 0.09090909090909091,
        "79": 0.09090909090909091
    },
    "relations": []
}