{
    "title": "Gatsby wants Nick to invite Daisy to tea",
    "start": 16305,
    "end": 16917,
    "text": "man.”\n\nA succulent hash arrived, and Mr. Wolfshiem, forgetting the more\nsentimental atmosphere of the old Metropole, began to eat with\nferocious delicacy. His eyes, meanwhile, roved very slowly all around\nthe room—he completed the arc by turning to inspect the people\ndirectly behind. I think that, except for my presence, he would have\ntaken one short glance beneath our own table.\n\n“Look here, old sport,” said Gatsby, leaning toward me, “I’m afraid I\nmade you a little angry this morning in the car.”\n\nThere was the smile again, but this time I held out against it.\n\n“I don’t like mysteries,” I answered, “and",
    "new_appearances": [],
    "importance": {
        "1": 1.0,
        "5": 0.043478260869565216,
        "6": 0.043478260869565216,
        "7": 0.043478260869565216,
        "8": 0.043478260869565216,
        "9": 0.043478260869565216,
        "10": 0.043478260869565216,
        "11": 0.043478260869565216,
        "12": 0.043478260869565216,
        "13": 0.043478260869565216,
        "14": 0.043478260869565216,
        "15": 0.043478260869565216,
        "16": 0.043478260869565216,
        "17": 0.043478260869565216,
        "18": 0.043478260869565216,
        "19": 0.043478260869565216,
        "20": 0.043478260869565216,
        "21": 0.043478260869565216,
        "22": 0.043478260869565216,
        "23": 0.043478260869565216,
        "24": 0.043478260869565216,
        "25": 0.043478260869565216,
        "26": 0.043478260869565216,
        "27": 0.043478260869565216,
        "28": 0.043478260869565216,
        "29": 0.043478260869565216,
        "30": 0.043478260869565216,
        "31": 0.043478260869565216,
        "32": 0.043478260869565216,
        "33": 0.043478260869565216,
        "34": 0.043478260869565216,
        "35": 0.043478260869565216,
        "36": 0.043478260869565216,
        "37": 0.043478260869565216,
        "38": 0.043478260869565216,
        "39": 0.043478260869565216,
        "40": 0.043478260869565216,
        "41": 0.043478260869565216,
        "42": 0.043478260869565216,
        "43": 0.043478260869565216,
        "44": 0.043478260869565216,
        "45": 0.043478260869565216,
        "46": 0.043478260869565216,
        "47": 0.043478260869565216,
        "48": 0.043478260869565216,
        "49": 0.043478260869565216,
        "50": 0.043478260869565216,
        "51": 0.043478260869565216,
        "52": 0.043478260869565216,
        "53": 0.043478260869565216,
        "54": 0.043478260869565216,
        "55": 0.043478260869565216,
        "56": 0.043478260869565216,
        "57": 0.043478260869565216,
        "58": 0.043478260869565216,
        "59": 0.043478260869565216,
        "60": 0.043478260869565216,
        "61": 0.043478260869565216,
        "62": 0.043478260869565216,
        "63": 0.043478260869565216,
        "64": 0.043478260869565216,
        "65": 0.043478260869565216,
        "66": 0.043478260869565216,
        "67": 0.043478260869565216,
        "68": 0.043478260869565216,
        "69": 0.043478260869565216,
        "70": 0.043478260869565216,
        "71": 0.043478260869565216,
        "72": 0.043478260869565216,
        "73": 0.043478260869565216,
        "74": 0.043478260869565216,
        "2": 0.391304347826087,
        "4": 0.4782608695652174,
        "80": 0.043478260869565216,
        "75": 0.043478260869565216,
        "76": 0.043478260869565216,
        "3": 0.2608695652173913,
        "77": 0.043478260869565216,
        "78": 0.043478260869565216,
        "79": 0.043478260869565216
    },
    "relations": [
        {
            "id1": 1.0,
            "explanation": "Gatsby clarifies that Nick is just a friend and not a business connection.",
            "relation": [
                "Friend"
            ],
            "id2": 2.0,
            "positivity": 0.8,
            "weight": 0.7
        },
        {
            "id1": 1.0,
            "explanation": "Gatsby clarifies that Nick is just a friend and not a business connection.",
            "relation": [
                "Influence",
                "Favor"
            ],
            "id2": 76.0,
            "positivity": 0.7,
            "weight": 0.8
        },
        {
            "relation": [
                "Indirect Communication"
            ],
            "id1": 1.0,
            "explanation": "No clear relations are added or modified in this event.",
            "id2": 4.0,
            "positivity": 0.5,
            "weight": 0.6
        },
        {
            "id1": 1.0,
            "explanation": "Wolfshiem is a friend of Gatsby's.",
            "relation": [
                "Friend",
                "Acquaintance"
            ],
            "id2": 3.0,
            "positivity": 0.6,
            "weight": 0.7
        },
        {
            "relation": [
                "Acquaintance"
            ],
            "explanation": "No clear relations are added or modified in this event.",
            "id1": 2.0,
            "id2": 3.0,
            "positivity": 0.5,
            "weight": 0.4
        },
        {
            "explanation": "No clear relations are added or modified in this event.",
            "id1": 3.0,
            "relation": [
                "Friend"
            ],
            "id2": 78.0,
            "positivity": 0.8,
            "weight": 0.9
        }
    ]
}