{
    "title": "Tom Buchanan's unexpected visit to Gatsby's house.",
    "start": 4229,
    "end": 4395,
    "text": "ng this, an infinite number of women tried to separate him\nfrom his money. The none too savoury ramifications by which Ella Kaye,\nthe newspaper woman, played Madame d",
    "new_appearances": [
        7
    ],
    "importance": {
        "2": 0.07692307692307693,
        "1": 1.0,
        "3": 0.5384615384615384,
        "4": 0.23076923076923078,
        "5": 0.15384615384615385,
        "6": 0.07692307692307693,
        "7": 0.07692307692307693
    },
    "relations": []
}