{
    "title": "Wolfshiem's business proposition",
    "start": 8922,
    "end": 9525,
    "text": "even Montenegro, little Montenegro down on the\nAdriatic Sea!”\n\nLittle Montenegro! He lifted up the words and nodded at them—with his\nsmile. The smile comprehended Montenegro’s troubled history and\nsympathized with the brave struggles of the Montenegrin people. It\nappreciated fully the chain of national circumstances which had\nelicited this tribute from Montenegro’s warm little heart. My\nincredulity was submerged in fascination now; it was like skimming\nhastily through a dozen magazines.\n\nHe reached in his pocket, and a piece of metal, slung on a ribbon,\nfell into my palm.\n\n“That’s the one from Mo",
    "new_appearances": [],
    "importance": {
        "1": 1.0,
        "5": 0.08333333333333333,
        "6": 0.08333333333333333,
        "7": 0.08333333333333333,
        "8": 0.08333333333333333,
        "9": 0.08333333333333333,
        "10": 0.08333333333333333,
        "11": 0.08333333333333333,
        "12": 0.08333333333333333,
        "13": 0.08333333333333333,
        "14": 0.08333333333333333,
        "15": 0.08333333333333333,
        "16": 0.08333333333333333,
        "17": 0.08333333333333333,
        "18": 0.08333333333333333,
        "19": 0.08333333333333333,
        "20": 0.08333333333333333,
        "21": 0.08333333333333333,
        "22": 0.08333333333333333,
        "23": 0.08333333333333333,
        "24": 0.08333333333333333,
        "25": 0.08333333333333333,
        "26": 0.08333333333333333,
        "27": 0.08333333333333333,
        "28": 0.08333333333333333,
        "29": 0.08333333333333333,
        "30": 0.08333333333333333,
        "31": 0.08333333333333333,
        "32": 0.08333333333333333,
        "33": 0.08333333333333333,
        "34": 0.08333333333333333,
        "35": 0.08333333333333333,
        "36": 0.08333333333333333,
        "37": 0.08333333333333333,
        "38": 0.08333333333333333,
        "39": 0.08333333333333333,
        "40": 0.08333333333333333,
        "41": 0.08333333333333333,
        "42": 0.08333333333333333,
        "43": 0.08333333333333333,
        "44": 0.08333333333333333,
        "45": 0.08333333333333333,
        "46": 0.08333333333333333,
        "47": 0.08333333333333333,
        "48": 0.08333333333333333,
        "49": 0.08333333333333333,
        "50": 0.08333333333333333,
        "51": 0.08333333333333333,
        "52": 0.08333333333333333,
        "53": 0.08333333333333333,
        "54": 0.08333333333333333,
        "55": 0.08333333333333333,
        "56": 0.08333333333333333,
        "57": 0.08333333333333333,
        "58": 0.08333333333333333,
        "59": 0.08333333333333333,
        "60": 0.08333333333333333,
        "61": 0.08333333333333333,
        "62": 0.08333333333333333,
        "63": 0.08333333333333333,
        "64": 0.08333333333333333,
        "65": 0.08333333333333333,
        "66": 0.08333333333333333,
        "67": 0.08333333333333333,
        "68": 0.08333333333333333,
        "69": 0.08333333333333333,
        "70": 0.08333333333333333,
        "71": 0.08333333333333333,
        "72": 0.08333333333333333,
        "73": 0.08333333333333333,
        "74": 0.08333333333333333,
        "2": 0.3333333333333333,
        "4": 0.16666666666666666,
        "80": 0.08333333333333333,
        "75": 0.08333333333333333,
        "76": 0.08333333333333333,
        "3": 0.25,
        "77": 0.08333333333333333,
        "78": 0.08333333333333333,
        "79": 0.08333333333333333
    },
    "relations": []
}