{
    "title": "Daisy heard the name Gatsby for the first time in years",
    "start": 15454,
    "end": 15842,
    "text": "’clock in the morning then, and if we’d of raised the\nblinds we’d of seen daylight.”\n\n“Did he go?” I asked innocently.\n\n“Sure he went.” Mr. Wolfshiem’s nose flashed at me indignantly. “He\nturned around in the door and says: ‘Don’t let that waiter take away\nmy coffee!’ Then he went out on the sidewalk, and they shot him three\ntimes in his full belly and drove away.”\n\n“Four of them were ",
    "new_appearances": [],
    "importance": {
        "1": 1.0,
        "5": 0.047619047619047616,
        "6": 0.047619047619047616,
        "7": 0.047619047619047616,
        "8": 0.047619047619047616,
        "9": 0.047619047619047616,
        "10": 0.047619047619047616,
        "11": 0.047619047619047616,
        "12": 0.047619047619047616,
        "13": 0.047619047619047616,
        "14": 0.047619047619047616,
        "15": 0.047619047619047616,
        "16": 0.047619047619047616,
        "17": 0.047619047619047616,
        "18": 0.047619047619047616,
        "19": 0.047619047619047616,
        "20": 0.047619047619047616,
        "21": 0.047619047619047616,
        "22": 0.047619047619047616,
        "23": 0.047619047619047616,
        "24": 0.047619047619047616,
        "25": 0.047619047619047616,
        "26": 0.047619047619047616,
        "27": 0.047619047619047616,
        "28": 0.047619047619047616,
        "29": 0.047619047619047616,
        "30": 0.047619047619047616,
        "31": 0.047619047619047616,
        "32": 0.047619047619047616,
        "33": 0.047619047619047616,
        "34": 0.047619047619047616,
        "35": 0.047619047619047616,
        "36": 0.047619047619047616,
        "37": 0.047619047619047616,
        "38": 0.047619047619047616,
        "39": 0.047619047619047616,
        "40": 0.047619047619047616,
        "41": 0.047619047619047616,
        "42": 0.047619047619047616,
        "43": 0.047619047619047616,
        "44": 0.047619047619047616,
        "45": 0.047619047619047616,
        "46": 0.047619047619047616,
        "47": 0.047619047619047616,
        "48": 0.047619047619047616,
        "49": 0.047619047619047616,
        "50": 0.047619047619047616,
        "51": 0.047619047619047616,
        "52": 0.047619047619047616,
        "53": 0.047619047619047616,
        "54": 0.047619047619047616,
        "55": 0.047619047619047616,
        "56": 0.047619047619047616,
        "57": 0.047619047619047616,
        "58": 0.047619047619047616,
        "59": 0.047619047619047616,
        "60": 0.047619047619047616,
        "61": 0.047619047619047616,
        "62": 0.047619047619047616,
        "63": 0.047619047619047616,
        "64": 0.047619047619047616,
        "65": 0.047619047619047616,
        "66": 0.047619047619047616,
        "67": 0.047619047619047616,
        "68": 0.047619047619047616,
        "69": 0.047619047619047616,
        "70": 0.047619047619047616,
        "71": 0.047619047619047616,
        "72": 0.047619047619047616,
        "73": 0.047619047619047616,
        "74": 0.047619047619047616,
        "2": 0.3333333333333333,
        "4": 0.42857142857142855,
        "80": 0.047619047619047616,
        "75": 0.047619047619047616,
        "76": 0.047619047619047616,
        "3": 0.2857142857142857,
        "77": 0.047619047619047616,
        "78": 0.047619047619047616,
        "79": 0.047619047619047616
    },
    "relations": [
        {
            "relation": [
                "Influence",
                "Favor"
            ],
            "id1": 1.0,
            "explanation": "No clear relations are added or modified in this event.",
            "id2": 76.0,
            "positivity": 0.7,
            "weight": 0.8
        },
        {
            "relation": [
                "Indirect Communication"
            ],
            "explanation": "No clear relations are added or modified in this event.",
            "id1": 1.0,
            "id2": 4.0,
            "positivity": 0.5,
            "weight": 0.6
        },
        {
            "explanation": "No clear relations are added or modified in this event.",
            "relation": [
                "Friend",
                "Acquaintance"
            ],
            "id1": 1.0,
            "id2": 3.0,
            "positivity": 0.6,
            "weight": 0.7
        },
        {
            "id1": 2.0,
            "relation": [
                "Acquaintance"
            ],
            "explanation": "No clear relations are added or modified in this event.",
            "id2": 3.0,
            "positivity": 0.5,
            "weight": 0.4
        },
        {
            "id1": 3.0,
            "relation": [
                "Friend"
            ],
            "explanation": "No clear relations are added or modified in this event.",
            "id2": 78.0,
            "positivity": 0.8,
            "weight": 0.9
        }
    ]
}