{
    "title": "The city from the bridge",
    "start": 7089,
    "end": 7700,
    "text": " tradition.”\n\nHe looked at me sideways—and I knew why Jordan Baker had believed he\nwas lying. He hurried the phrase “educated at Oxford,” or swallowed\nit, or choked on it, as though it had bothered him before. And with\nthis doubt, his whole statement fell to pieces, and I wondered if\nthere wasn’t something a little sinister about him, after all.\n\n“What part of the Middle West?” I inquired casually.\n\n“San Francisco.”\n\n“I see.”\n\n“My family all died and I came into a good deal of money.”\n\nHis voice was solemn, as if the memory of that sudden extinction of a\nclan still haunted him. For a moment I suspected t",
    "new_appearances": [],
    "importance": {
        "1": 1.0,
        "5": 0.1111111111111111,
        "6": 0.1111111111111111,
        "7": 0.1111111111111111,
        "8": 0.1111111111111111,
        "9": 0.1111111111111111,
        "10": 0.1111111111111111,
        "11": 0.1111111111111111,
        "12": 0.1111111111111111,
        "13": 0.1111111111111111,
        "14": 0.1111111111111111,
        "15": 0.1111111111111111,
        "16": 0.1111111111111111,
        "17": 0.1111111111111111,
        "18": 0.1111111111111111,
        "19": 0.1111111111111111,
        "20": 0.1111111111111111,
        "21": 0.1111111111111111,
        "22": 0.1111111111111111,
        "23": 0.1111111111111111,
        "24": 0.1111111111111111,
        "25": 0.1111111111111111,
        "26": 0.1111111111111111,
        "27": 0.1111111111111111,
        "28": 0.1111111111111111,
        "29": 0.1111111111111111,
        "30": 0.1111111111111111,
        "31": 0.1111111111111111,
        "32": 0.1111111111111111,
        "33": 0.1111111111111111,
        "34": 0.1111111111111111,
        "35": 0.1111111111111111,
        "36": 0.1111111111111111,
        "37": 0.1111111111111111,
        "38": 0.1111111111111111,
        "39": 0.1111111111111111,
        "40": 0.1111111111111111,
        "41": 0.1111111111111111,
        "42": 0.1111111111111111,
        "43": 0.1111111111111111,
        "44": 0.1111111111111111,
        "45": 0.1111111111111111,
        "46": 0.1111111111111111,
        "47": 0.1111111111111111,
        "48": 0.1111111111111111,
        "49": 0.1111111111111111,
        "50": 0.1111111111111111,
        "51": 0.1111111111111111,
        "52": 0.1111111111111111,
        "53": 0.1111111111111111,
        "54": 0.1111111111111111,
        "55": 0.1111111111111111,
        "56": 0.1111111111111111,
        "57": 0.1111111111111111,
        "58": 0.1111111111111111,
        "59": 0.1111111111111111,
        "60": 0.1111111111111111,
        "61": 0.1111111111111111,
        "62": 0.1111111111111111,
        "63": 0.1111111111111111,
        "64": 0.1111111111111111,
        "65": 0.1111111111111111,
        "66": 0.1111111111111111,
        "67": 0.1111111111111111,
        "68": 0.1111111111111111,
        "69": 0.1111111111111111,
        "70": 0.1111111111111111,
        "71": 0.1111111111111111,
        "72": 0.1111111111111111,
        "73": 0.1111111111111111,
        "74": 0.1111111111111111,
        "2": 0.2222222222222222,
        "4": 0.2222222222222222,
        "80": 0.1111111111111111,
        "75": 0.1111111111111111,
        "76": 0.1111111111111111
    },
    "relations": []
}