{
    "title": "Gatsby tells Nick about his past",
    "start": 4246,
    "end": 5008,
    "text": "Duke, and\nwhose name, if I ever knew it, I have forgotten.\n\nAll these people came to Gatsby’s house in the summer.\n\n------------------------------------------------------------------------\n\nAt nine o’clock, one morning late in July, Gatsby’s gorgeous car\nlurched up the rocky drive to my door and gave out a burst of melody\nfrom its three-noted horn.\n\nIt was the first time he had called on me, though I had gone to two of\nhis parties, mounted in his hydroplane, and, at his urgent invitation,\nmade frequent use of his beach.\n\n“Good morning, old sport. You’re having lunch with me today and I\nthought we’d ride up together.”\n\nHe was balancing himself on the dashboard of his car with that\nresourcefulness of movement that is so peculiarly American—that comes,\nI ",
    "new_appearances": [
        4
    ],
    "importance": {
        "1": 1.0,
        "5": 0.16666666666666666,
        "6": 0.16666666666666666,
        "7": 0.16666666666666666,
        "8": 0.16666666666666666,
        "9": 0.16666666666666666,
        "10": 0.16666666666666666,
        "11": 0.16666666666666666,
        "12": 0.16666666666666666,
        "13": 0.16666666666666666,
        "14": 0.16666666666666666,
        "15": 0.16666666666666666,
        "16": 0.16666666666666666,
        "17": 0.16666666666666666,
        "18": 0.16666666666666666,
        "19": 0.16666666666666666,
        "20": 0.16666666666666666,
        "21": 0.16666666666666666,
        "22": 0.16666666666666666,
        "23": 0.16666666666666666,
        "24": 0.16666666666666666,
        "25": 0.16666666666666666,
        "26": 0.16666666666666666,
        "27": 0.16666666666666666,
        "28": 0.16666666666666666,
        "29": 0.16666666666666666,
        "30": 0.16666666666666666,
        "31": 0.16666666666666666,
        "32": 0.16666666666666666,
        "33": 0.16666666666666666,
        "34": 0.16666666666666666,
        "35": 0.16666666666666666,
        "36": 0.16666666666666666,
        "37": 0.16666666666666666,
        "38": 0.16666666666666666,
        "39": 0.16666666666666666,
        "40": 0.16666666666666666,
        "41": 0.16666666666666666,
        "42": 0.16666666666666666,
        "43": 0.16666666666666666,
        "44": 0.16666666666666666,
        "45": 0.16666666666666666,
        "46": 0.16666666666666666,
        "47": 0.16666666666666666,
        "48": 0.16666666666666666,
        "49": 0.16666666666666666,
        "50": 0.16666666666666666,
        "51": 0.16666666666666666,
        "52": 0.16666666666666666,
        "53": 0.16666666666666666,
        "54": 0.16666666666666666,
        "55": 0.16666666666666666,
        "56": 0.16666666666666666,
        "57": 0.16666666666666666,
        "58": 0.16666666666666666,
        "59": 0.16666666666666666,
        "60": 0.16666666666666666,
        "61": 0.16666666666666666,
        "62": 0.16666666666666666,
        "63": 0.16666666666666666,
        "64": 0.16666666666666666,
        "65": 0.16666666666666666,
        "66": 0.16666666666666666,
        "67": 0.16666666666666666,
        "68": 0.16666666666666666,
        "69": 0.16666666666666666,
        "70": 0.16666666666666666,
        "71": 0.16666666666666666,
        "72": 0.16666666666666666,
        "73": 0.16666666666666666,
        "74": 0.16666666666666666,
        "2": 0.16666666666666666,
        "4": 0.16666666666666666
    },
    "relations": []
}