{
    "title": "Gatsby's elaborate plan to see Daisy",
    "start": 16918,
    "end": 17550,
    "text": "I don’t understand why you\nwon’t come out frankly and tell me what you want. Why has it all got\nto come through Miss Baker?”\n\n“Oh, it’s nothing underhand,” he assured me. “Miss Baker’s a great\nsportswoman, you know, and she’d never do anything that wasn’t all\nright.”\n\nSuddenly he looked at his watch, jumped up, and hurried from the room,\nleaving me with Mr. Wolfshiem at the table.\n\n“He has to telephone,” said Mr. Wolfshiem, following him with his\neyes. “Fine fellow, isn’t he? Handsome to look at and a perfect\ngentleman.”\n\n“Yes.”\n\n“He’s an Oggsford man.”\n\n“Oh!”\n\n“He went to Oggsford College in England. You know Oggsford Colle",
    "new_appearances": [],
    "importance": {
        "1": 1.0,
        "5": 0.041666666666666664,
        "6": 0.041666666666666664,
        "7": 0.041666666666666664,
        "8": 0.041666666666666664,
        "9": 0.041666666666666664,
        "10": 0.041666666666666664,
        "11": 0.041666666666666664,
        "12": 0.041666666666666664,
        "13": 0.041666666666666664,
        "14": 0.041666666666666664,
        "15": 0.041666666666666664,
        "16": 0.041666666666666664,
        "17": 0.041666666666666664,
        "18": 0.041666666666666664,
        "19": 0.041666666666666664,
        "20": 0.041666666666666664,
        "21": 0.041666666666666664,
        "22": 0.041666666666666664,
        "23": 0.041666666666666664,
        "24": 0.041666666666666664,
        "25": 0.041666666666666664,
        "26": 0.041666666666666664,
        "27": 0.041666666666666664,
        "28": 0.041666666666666664,
        "29": 0.041666666666666664,
        "30": 0.041666666666666664,
        "31": 0.041666666666666664,
        "32": 0.041666666666666664,
        "33": 0.041666666666666664,
        "34": 0.041666666666666664,
        "35": 0.041666666666666664,
        "36": 0.041666666666666664,
        "37": 0.041666666666666664,
        "38": 0.041666666666666664,
        "39": 0.041666666666666664,
        "40": 0.041666666666666664,
        "41": 0.041666666666666664,
        "42": 0.041666666666666664,
        "43": 0.041666666666666664,
        "44": 0.041666666666666664,
        "45": 0.041666666666666664,
        "46": 0.041666666666666664,
        "47": 0.041666666666666664,
        "48": 0.041666666666666664,
        "49": 0.041666666666666664,
        "50": 0.041666666666666664,
        "51": 0.041666666666666664,
        "52": 0.041666666666666664,
        "53": 0.041666666666666664,
        "54": 0.041666666666666664,
        "55": 0.041666666666666664,
        "56": 0.041666666666666664,
        "57": 0.041666666666666664,
        "58": 0.041666666666666664,
        "59": 0.041666666666666664,
        "60": 0.041666666666666664,
        "61": 0.041666666666666664,
        "62": 0.041666666666666664,
        "63": 0.041666666666666664,
        "64": 0.041666666666666664,
        "65": 0.041666666666666664,
        "66": 0.041666666666666664,
        "67": 0.041666666666666664,
        "68": 0.041666666666666664,
        "69": 0.041666666666666664,
        "70": 0.041666666666666664,
        "71": 0.041666666666666664,
        "72": 0.041666666666666664,
        "73": 0.041666666666666664,
        "74": 0.041666666666666664,
        "2": 0.4166666666666667,
        "4": 0.5,
        "80": 0.041666666666666664,
        "75": 0.041666666666666664,
        "76": 0.041666666666666664,
        "3": 0.25,
        "77": 0.041666666666666664,
        "78": 0.041666666666666664,
        "79": 0.041666666666666664
    },
    "relations": [
        {
            "id1": 1.0,
            "relation": [
                "Friend"
            ],
            "explanation": "Gatsby clarifies that Nick is just a friend and not a business connection.",
            "id2": 2.0,
            "positivity": 0.8,
            "weight": 0.7
        },
        {
            "relation": [
                "Influence",
                "Favor"
            ],
            "id1": 1.0,
            "explanation": "There is no mention of the policeman in this text.",
            "id2": 76.0,
            "positivity": 0.7,
            "weight": 0.8
        },
        {
            "relation": [
                "Indirect Communication"
            ],
            "id1": 1.0,
            "explanation": "The text mentions Gatsby communicating through Miss Baker, but this event doesn't significantly alter the existing indirect communication.",
            "id2": 4.0,
            "positivity": 0.5,
            "weight": 0.6
        },
        {
            "relation": [
                "Friend",
                "Acquaintance"
            ],
            "id1": 1.0,
            "explanation": "Wolfshiem calls Gatsby a 'fine fellow' and a 'perfect gentleman'.",
            "id2": 3.0,
            "positivity": 0.7,
            "weight": 0.8
        },
        {
            "explanation": "Nick and Wolfshiem are at the table together and Wolfshiem speaks about Gatsby to Nick.",
            "relation": [
                "Acquaintance"
            ],
            "id1": 2.0,
            "id2": 3.0,
            "positivity": 0.6,
            "weight": 0.5
        },
        {
            "id1": 3.0,
            "relation": [
                "Friend"
            ],
            "explanation": "There is no mention of Rosy Rosenthal in this text.",
            "id2": 78.0,
            "positivity": 0.8,
            "weight": 0.9
        }
    ]
}