{
    "title": "Jordan reveals Gatsby bought his house to be near Daisy",
    "start": 15843,
    "end": 16304,
    "text": "lectrocuted,” I said, remembering.\n\n“Five, with Becker.” His nostrils turned to me in an interested way.\n“I understand you’re looking for a business gonnegtion.”\n\nThe juxtaposition of these two remarks was startling. Gatsby answered\nfor me:\n\n“Oh, no,” he exclaimed, “this isn’t the man.”\n\n“No?” Mr. Wolfshiem seemed disappointed.\n\n“This is just a friend. I told you we’d talk about that some other\ntime.”\n\n“I beg your pardon,” said Mr. Wolfshiem, “I had a wrong",
    "new_appearances": [],
    "importance": {
        "1": 1.0,
        "5": 0.045454545454545456,
        "6": 0.045454545454545456,
        "7": 0.045454545454545456,
        "8": 0.045454545454545456,
        "9": 0.045454545454545456,
        "10": 0.045454545454545456,
        "11": 0.045454545454545456,
        "12": 0.045454545454545456,
        "13": 0.045454545454545456,
        "14": 0.045454545454545456,
        "15": 0.045454545454545456,
        "16": 0.045454545454545456,
        "17": 0.045454545454545456,
        "18": 0.045454545454545456,
        "19": 0.045454545454545456,
        "20": 0.045454545454545456,
        "21": 0.045454545454545456,
        "22": 0.045454545454545456,
        "23": 0.045454545454545456,
        "24": 0.045454545454545456,
        "25": 0.045454545454545456,
        "26": 0.045454545454545456,
        "27": 0.045454545454545456,
        "28": 0.045454545454545456,
        "29": 0.045454545454545456,
        "30": 0.045454545454545456,
        "31": 0.045454545454545456,
        "32": 0.045454545454545456,
        "33": 0.045454545454545456,
        "34": 0.045454545454545456,
        "35": 0.045454545454545456,
        "36": 0.045454545454545456,
        "37": 0.045454545454545456,
        "38": 0.045454545454545456,
        "39": 0.045454545454545456,
        "40": 0.045454545454545456,
        "41": 0.045454545454545456,
        "42": 0.045454545454545456,
        "43": 0.045454545454545456,
        "44": 0.045454545454545456,
        "45": 0.045454545454545456,
        "46": 0.045454545454545456,
        "47": 0.045454545454545456,
        "48": 0.045454545454545456,
        "49": 0.045454545454545456,
        "50": 0.045454545454545456,
        "51": 0.045454545454545456,
        "52": 0.045454545454545456,
        "53": 0.045454545454545456,
        "54": 0.045454545454545456,
        "55": 0.045454545454545456,
        "56": 0.045454545454545456,
        "57": 0.045454545454545456,
        "58": 0.045454545454545456,
        "59": 0.045454545454545456,
        "60": 0.045454545454545456,
        "61": 0.045454545454545456,
        "62": 0.045454545454545456,
        "63": 0.045454545454545456,
        "64": 0.045454545454545456,
        "65": 0.045454545454545456,
        "66": 0.045454545454545456,
        "67": 0.045454545454545456,
        "68": 0.045454545454545456,
        "69": 0.045454545454545456,
        "70": 0.045454545454545456,
        "71": 0.045454545454545456,
        "72": 0.045454545454545456,
        "73": 0.045454545454545456,
        "74": 0.045454545454545456,
        "2": 0.36363636363636365,
        "4": 0.45454545454545453,
        "80": 0.045454545454545456,
        "75": 0.045454545454545456,
        "76": 0.045454545454545456,
        "3": 0.2727272727272727,
        "77": 0.045454545454545456,
        "78": 0.045454545454545456,
        "79": 0.045454545454545456
    },
    "relations": [
        {
            "relation": [
                "Friend"
            ],
            "id1": 1.0,
            "explanation": "Gatsby clarifies that Nick is just a friend and not a business connection.",
            "id2": 2.0,
            "positivity": 0.8,
            "weight": 0.7
        },
        {
            "id1": 1.0,
            "explanation": "Gatsby clarifies that Nick is just a friend and not a business connection.",
            "relation": [
                "Influence",
                "Favor"
            ],
            "id2": 76.0,
            "positivity": 0.7,
            "weight": 0.8
        },
        {
            "explanation": "No clear relations are added or modified in this event.",
            "id1": 1.0,
            "relation": [
                "Indirect Communication"
            ],
            "id2": 4.0,
            "positivity": 0.5,
            "weight": 0.6
        },
        {
            "relation": [
                "Friend",
                "Acquaintance"
            ],
            "explanation": "Wolfshiem is a friend of Gatsby's.",
            "id1": 1.0,
            "id2": 3.0,
            "positivity": 0.6,
            "weight": 0.7
        },
        {
            "explanation": "No clear relations are added or modified in this event.",
            "relation": [
                "Acquaintance"
            ],
            "id1": 2.0,
            "id2": 3.0,
            "positivity": 0.5,
            "weight": 0.4
        },
        {
            "id1": 3.0,
            "relation": [
                "Friend"
            ],
            "explanation": "No clear relations are added or modified in this event.",
            "id2": 78.0,
            "positivity": 0.8,
            "weight": 0.9
        }
    ]
}