{
    "title": "Gatsby explains his request through Jordan Baker",
    "start": 9526,
    "end": 10085,
    "text": "tenegro.”\n\nTo my astonishment, the thing had an authentic look. “Orderi di\nDanilo,” ran the circular legend, “Montenegro, Nicolas Rex.”\n\n“Turn it.”\n\n“Major Jay Gatsby,” I read, “For Valour Extraordinary.”\n\n“Here’s another thing I always carry. A souvenir of Oxford days. It\nwas taken in Trinity Quad—the man on my left is now the Earl of\nDoncaster.”\n\nIt was a photograph of half a dozen young men in blazers loafing in an\narchway through which were visible a host of spires. There was Gatsby,\nlooking a little, not much, younger—with a cricket bat in his hand",
    "new_appearances": [],
    "importance": {
        "1": 1.0,
        "5": 0.07692307692307693,
        "6": 0.07692307692307693,
        "7": 0.07692307692307693,
        "8": 0.07692307692307693,
        "9": 0.07692307692307693,
        "10": 0.07692307692307693,
        "11": 0.07692307692307693,
        "12": 0.07692307692307693,
        "13": 0.07692307692307693,
        "14": 0.07692307692307693,
        "15": 0.07692307692307693,
        "16": 0.07692307692307693,
        "17": 0.07692307692307693,
        "18": 0.07692307692307693,
        "19": 0.07692307692307693,
        "20": 0.07692307692307693,
        "21": 0.07692307692307693,
        "22": 0.07692307692307693,
        "23": 0.07692307692307693,
        "24": 0.07692307692307693,
        "25": 0.07692307692307693,
        "26": 0.07692307692307693,
        "27": 0.07692307692307693,
        "28": 0.07692307692307693,
        "29": 0.07692307692307693,
        "30": 0.07692307692307693,
        "31": 0.07692307692307693,
        "32": 0.07692307692307693,
        "33": 0.07692307692307693,
        "34": 0.07692307692307693,
        "35": 0.07692307692307693,
        "36": 0.07692307692307693,
        "37": 0.07692307692307693,
        "38": 0.07692307692307693,
        "39": 0.07692307692307693,
        "40": 0.07692307692307693,
        "41": 0.07692307692307693,
        "42": 0.07692307692307693,
        "43": 0.07692307692307693,
        "44": 0.07692307692307693,
        "45": 0.07692307692307693,
        "46": 0.07692307692307693,
        "47": 0.07692307692307693,
        "48": 0.07692307692307693,
        "49": 0.07692307692307693,
        "50": 0.07692307692307693,
        "51": 0.07692307692307693,
        "52": 0.07692307692307693,
        "53": 0.07692307692307693,
        "54": 0.07692307692307693,
        "55": 0.07692307692307693,
        "56": 0.07692307692307693,
        "57": 0.07692307692307693,
        "58": 0.07692307692307693,
        "59": 0.07692307692307693,
        "60": 0.07692307692307693,
        "61": 0.07692307692307693,
        "62": 0.07692307692307693,
        "63": 0.07692307692307693,
        "64": 0.07692307692307693,
        "65": 0.07692307692307693,
        "66": 0.07692307692307693,
        "67": 0.07692307692307693,
        "68": 0.07692307692307693,
        "69": 0.07692307692307693,
        "70": 0.07692307692307693,
        "71": 0.07692307692307693,
        "72": 0.07692307692307693,
        "73": 0.07692307692307693,
        "74": 0.07692307692307693,
        "2": 0.38461538461538464,
        "4": 0.23076923076923078,
        "80": 0.07692307692307693,
        "75": 0.07692307692307693,
        "76": 0.07692307692307693,
        "3": 0.23076923076923078,
        "77": 0.07692307692307693,
        "78": 0.07692307692307693,
        "79": 0.07692307692307693
    },
    "relations": []
}