{
    "title": "Wolfshiem's cuff buttons and departure",
    "start": 10739,
    "end": 11353,
    "text": "that you’re taking Miss\nBaker to tea.”\n\n“Do you mean you’re in love with Miss Baker?”\n\n“No, old sport, I’m not. But Miss Baker has kindly consented to speak\nto you about this matter.”\n\nI hadn’t the faintest idea what “this matter” was, but I was more\nannoyed than interested. I hadn’t asked Jordan to tea in order to\ndiscuss Mr. Jay Gatsby. I was sure the request would be something\nutterly fantastic, and for a moment I was sorry I’d ever set foot upon\nhis overpopulated lawn.\n\nHe wouldn’t say another word. His correctness grew on him as we neared\nthe city. We passed Port Roosevelt, where there was a glimpse of",
    "new_appearances": [],
    "importance": {
        "1": 1.0,
        "5": 0.06666666666666667,
        "6": 0.06666666666666667,
        "7": 0.06666666666666667,
        "8": 0.06666666666666667,
        "9": 0.06666666666666667,
        "10": 0.06666666666666667,
        "11": 0.06666666666666667,
        "12": 0.06666666666666667,
        "13": 0.06666666666666667,
        "14": 0.06666666666666667,
        "15": 0.06666666666666667,
        "16": 0.06666666666666667,
        "17": 0.06666666666666667,
        "18": 0.06666666666666667,
        "19": 0.06666666666666667,
        "20": 0.06666666666666667,
        "21": 0.06666666666666667,
        "22": 0.06666666666666667,
        "23": 0.06666666666666667,
        "24": 0.06666666666666667,
        "25": 0.06666666666666667,
        "26": 0.06666666666666667,
        "27": 0.06666666666666667,
        "28": 0.06666666666666667,
        "29": 0.06666666666666667,
        "30": 0.06666666666666667,
        "31": 0.06666666666666667,
        "32": 0.06666666666666667,
        "33": 0.06666666666666667,
        "34": 0.06666666666666667,
        "35": 0.06666666666666667,
        "36": 0.06666666666666667,
        "37": 0.06666666666666667,
        "38": 0.06666666666666667,
        "39": 0.06666666666666667,
        "40": 0.06666666666666667,
        "41": 0.06666666666666667,
        "42": 0.06666666666666667,
        "43": 0.06666666666666667,
        "44": 0.06666666666666667,
        "45": 0.06666666666666667,
        "46": 0.06666666666666667,
        "47": 0.06666666666666667,
        "48": 0.06666666666666667,
        "49": 0.06666666666666667,
        "50": 0.06666666666666667,
        "51": 0.06666666666666667,
        "52": 0.06666666666666667,
        "53": 0.06666666666666667,
        "54": 0.06666666666666667,
        "55": 0.06666666666666667,
        "56": 0.06666666666666667,
        "57": 0.06666666666666667,
        "58": 0.06666666666666667,
        "59": 0.06666666666666667,
        "60": 0.06666666666666667,
        "61": 0.06666666666666667,
        "62": 0.06666666666666667,
        "63": 0.06666666666666667,
        "64": 0.06666666666666667,
        "65": 0.06666666666666667,
        "66": 0.06666666666666667,
        "67": 0.06666666666666667,
        "68": 0.06666666666666667,
        "69": 0.06666666666666667,
        "70": 0.06666666666666667,
        "71": 0.06666666666666667,
        "72": 0.06666666666666667,
        "73": 0.06666666666666667,
        "74": 0.06666666666666667,
        "2": 0.3333333333333333,
        "4": 0.2,
        "80": 0.06666666666666667,
        "75": 0.06666666666666667,
        "76": 0.06666666666666667,
        "3": 0.3333333333333333,
        "77": 0.06666666666666667,
        "78": 0.06666666666666667,
        "79": 0.06666666666666667
    },
    "relations": [
        {
            "explanation": "Gatsby asks Nick to have tea with Jordan Baker so she can speak to him about 'this matter'.",
            "id1": 1.0,
            "relation": [
                "Indirect Communication"
            ],
            "id2": 4.0,
            "positivity": 0.5,
            "weight": 0.6
        }
    ]
}