{
    "title": "Gatsby picks up Nick for lunch",
    "start": 2901,
    "end": 3114,
    "text": " other home. Of theatrical people\nthere were Gus Waize and Horace O’Donavan and Lester Myer and George\nDuckweed and Francis Bull. Also from New York were the Chromes and the\nBackhyssons and the Dennickers and Russ",
    "new_appearances": [
        2
    ],
    "importance": {
        "1": 1.0,
        "5": 0.3333333333333333,
        "6": 0.3333333333333333,
        "7": 0.3333333333333333,
        "8": 0.3333333333333333,
        "9": 0.3333333333333333,
        "10": 0.3333333333333333,
        "11": 0.3333333333333333,
        "12": 0.3333333333333333,
        "13": 0.3333333333333333,
        "14": 0.3333333333333333,
        "15": 0.3333333333333333,
        "16": 0.3333333333333333,
        "17": 0.3333333333333333,
        "18": 0.3333333333333333,
        "19": 0.3333333333333333,
        "20": 0.3333333333333333,
        "21": 0.3333333333333333,
        "22": 0.3333333333333333,
        "23": 0.3333333333333333,
        "24": 0.3333333333333333,
        "25": 0.3333333333333333,
        "26": 0.3333333333333333,
        "27": 0.3333333333333333,
        "28": 0.3333333333333333,
        "29": 0.3333333333333333,
        "30": 0.3333333333333333,
        "31": 0.3333333333333333,
        "32": 0.3333333333333333,
        "33": 0.3333333333333333,
        "34": 0.3333333333333333,
        "35": 0.3333333333333333,
        "36": 0.3333333333333333,
        "37": 0.3333333333333333,
        "38": 0.3333333333333333,
        "39": 0.3333333333333333,
        "40": 0.3333333333333333,
        "41": 0.3333333333333333,
        "42": 0.3333333333333333,
        "43": 0.3333333333333333,
        "44": 0.3333333333333333,
        "45": 0.3333333333333333,
        "46": 0.3333333333333333,
        "47": 0.3333333333333333,
        "48": 0.3333333333333333,
        "49": 0.3333333333333333,
        "50": 0.3333333333333333,
        "51": 0.3333333333333333,
        "52": 0.3333333333333333,
        "53": 0.3333333333333333,
        "54": 0.3333333333333333,
        "55": 0.3333333333333333,
        "56": 0.3333333333333333,
        "57": 0.3333333333333333,
        "58": 0.3333333333333333,
        "59": 0.3333333333333333,
        "60": 0.3333333333333333,
        "61": 0.3333333333333333,
        "62": 0.3333333333333333,
        "63": 0.3333333333333333,
        "64": 0.3333333333333333,
        "65": 0.3333333333333333,
        "66": 0.3333333333333333,
        "67": 0.3333333333333333,
        "68": 0.3333333333333333,
        "69": 0.3333333333333333,
        "70": 0.3333333333333333,
        "71": 0.3333333333333333,
        "72": 0.3333333333333333,
        "73": 0.3333333333333333,
        "74": 0.3333333333333333,
        "2": 0.3333333333333333
    },
    "relations": []
}