{
    "title": "Wolfshiem's character and Gatsby's Oxford education",
    "start": 10086,
    "end": 10738,
    "text": "\n\nThen it was all true. I saw the skins of tigers flaming in his palace\non the Grand Canal; I saw him opening a chest of rubies to ease, with\ntheir crimson-lighted depths, the gnawings of his broken heart.\n\n“I’m going to make a big request of you today,” he said, pocketing his\nsouvenirs with satisfaction, “so I thought you ought to know something\nabout me. I didn’t want you to think I was just some nobody. You see,\nI usually find myself among strangers because I drift here and there\ntrying to forget the sad things that happened to me.” He hesitated.\n“You’ll hear about it this afternoon.”\n\n“At lunch?”\n\n“No, this afternoon. I happened to find out",
    "new_appearances": [],
    "importance": {
        "1": 1.0,
        "5": 0.07142857142857142,
        "6": 0.07142857142857142,
        "7": 0.07142857142857142,
        "8": 0.07142857142857142,
        "9": 0.07142857142857142,
        "10": 0.07142857142857142,
        "11": 0.07142857142857142,
        "12": 0.07142857142857142,
        "13": 0.07142857142857142,
        "14": 0.07142857142857142,
        "15": 0.07142857142857142,
        "16": 0.07142857142857142,
        "17": 0.07142857142857142,
        "18": 0.07142857142857142,
        "19": 0.07142857142857142,
        "20": 0.07142857142857142,
        "21": 0.07142857142857142,
        "22": 0.07142857142857142,
        "23": 0.07142857142857142,
        "24": 0.07142857142857142,
        "25": 0.07142857142857142,
        "26": 0.07142857142857142,
        "27": 0.07142857142857142,
        "28": 0.07142857142857142,
        "29": 0.07142857142857142,
        "30": 0.07142857142857142,
        "31": 0.07142857142857142,
        "32": 0.07142857142857142,
        "33": 0.07142857142857142,
        "34": 0.07142857142857142,
        "35": 0.07142857142857142,
        "36": 0.07142857142857142,
        "37": 0.07142857142857142,
        "38": 0.07142857142857142,
        "39": 0.07142857142857142,
        "40": 0.07142857142857142,
        "41": 0.07142857142857142,
        "42": 0.07142857142857142,
        "43": 0.07142857142857142,
        "44": 0.07142857142857142,
        "45": 0.07142857142857142,
        "46": 0.07142857142857142,
        "47": 0.07142857142857142,
        "48": 0.07142857142857142,
        "49": 0.07142857142857142,
        "50": 0.07142857142857142,
        "51": 0.07142857142857142,
        "52": 0.07142857142857142,
        "53": 0.07142857142857142,
        "54": 0.07142857142857142,
        "55": 0.07142857142857142,
        "56": 0.07142857142857142,
        "57": 0.07142857142857142,
        "58": 0.07142857142857142,
        "59": 0.07142857142857142,
        "60": 0.07142857142857142,
        "61": 0.07142857142857142,
        "62": 0.07142857142857142,
        "63": 0.07142857142857142,
        "64": 0.07142857142857142,
        "65": 0.07142857142857142,
        "66": 0.07142857142857142,
        "67": 0.07142857142857142,
        "68": 0.07142857142857142,
        "69": 0.07142857142857142,
        "70": 0.07142857142857142,
        "71": 0.07142857142857142,
        "72": 0.07142857142857142,
        "73": 0.07142857142857142,
        "74": 0.07142857142857142,
        "2": 0.35714285714285715,
        "4": 0.21428571428571427,
        "80": 0.07142857142857142,
        "75": 0.07142857142857142,
        "76": 0.07142857142857142,
        "3": 0.2857142857142857,
        "77": 0.07142857142857142,
        "78": 0.07142857142857142,
        "79": 0.07142857142857142
    },
    "relations": []
}